battery_count,battery_power_mw,battery_energy_mwh,usable_soc_headroom_mwh,activation_probability,mfrr_capacity_price_multiplier,stacked_total_value_eur,fcr_only_total_value_eur,delta_vs_fcr_only_eur,is_mfrr_worthwhile,stacked_local_savings_eur,stacked_local_savings_pct,stacked_fcr_revenue_eur,stacked_mfrr_capacity_revenue_eur,stacked_expected_mfrr_activation_revenue_eur,stacked_min_soc_mwh,stacked_max_soc_mwh,stacked_constraint_violation_count,stacked_savings_floor_pass
1,1.0,2.0,1.6,0.0,0.5,520.6433565153417,512.4558565153417,8.1875,true,319.14509143645364,0.15501395163707685,193.31076507888804,8.1875,0.0,0.2,1.8,0,true
1,1.0,2.0,1.6,0.0,0.75,524.7371065153417,512.4558565153417,12.28125,true,319.14509143645364,0.15501395163707685,193.31076507888804,12.28125,0.0,0.2,1.8,0,true
1,1.0,2.0,1.6,0.0,1.0,528.8308565153417,512.4558565153417,16.375,true,319.14509143645364,0.15501395163707685,193.31076507888804,16.375,0.0,0.2,1.8,0,true
1,1.0,2.0,1.6,0.0,1.25,532.9246065153417,512.4558565153417,20.46875,true,319.14509143645364,0.15501395163707685,193.31076507888804,20.46875,0.0,0.2,1.8,0,true
1,1.0,2.0,1.6,0.0,1.5,537.0183565153417,512.4558565153417,24.5625,true,319.14509143645364,0.15501395163707685,193.31076507888804,24.5625,0.0,0.2,1.8,0,true
1,1.0,2.0,1.6,0.0,1.75,541.867314848675,512.4558565153417,29.41145833333337,true,319.14509143645364,0.15501395163707685,187.94097341222138,34.78125,0.0,0.2,1.8,0,true
1,1.0,2.0,1.6,0.0,2.0,547.2272186948289,512.4558565153417,34.771362179487255,true,319.14509143645364,0.15501395163707685,172.28212725837525,55.8,0.0,0.2,1.8,0,true
1,1.0,2.0,1.6,0.05,0.5,493.96156912913455,512.4558565153417,-18.494287386207134,false,292.96489060542854,0.14229780310662843,193.41528049739023,7.4375,0.14389802631578946,0.2,1.7736842105263158,0,true
1,1.0,2.0,1.6,0.05,0.75,497.68031912913455,512.4558565153417,-14.775537386207134,false,292.96489060542854,0.14229780310662843,193.41528049739023,11.15625,0.14389802631578946,0.2,1.7736842105263158,0,true
1,1.0,2.0,1.6,0.05,1.0,501.39906912913455,512.4558565153417,-11.056787386207134,false,292.96489060542854,0.14229780310662843,193.41528049739023,14.875,0.14389802631578946,0.2,1.7736842105263158,0,true
1,1.0,2.0,1.6,0.05,1.25,505.11781912913455,512.4558565153417,-7.338037386207134,false,292.96489060542854,0.14229780310662843,193.41528049739023,18.59375,0.14389802631578946,0.2,1.7736842105263158,0,true
1,1.0,2.0,1.6,0.05,1.5,508.83656912913455,512.4558565153417,-3.6192873862071337,false,292.96489060542854,0.14229780310662843,193.41528049739023,22.3125,0.14389802631578946,0.2,1.7736842105263158,0,true
1,1.0,2.0,1.6,0.05,1.75,512.2634706757642,512.4558565153417,-0.1923858395774687,false,291.91783381872483,0.14178923062830887,188.04548883072357,32.15625,0.14389802631578946,0.2,1.7736842105263158,0,true
1,1.0,2.0,1.6,0.05,2.0,514.5747595634691,512.4558565153417,2.118903048127436,true,289.24421886027585,0.14049061244182895,172.38664267687744,52.8,0.14389802631578946,0.2,1.7736842105263158,0,true
1,1.0,2.0,1.6,0.1,0.5,474.06634260081836,512.4558565153417,-38.38951391452332,false,274.0087506322943,0.13309049820403626,193.51979591589244,6.25,0.2877960526315789,0.2,1.7473684210526317,0,true
1,1.0,2.0,1.6,0.1,0.75,477.19134260081836,512.4558565153417,-35.26451391452332,false,274.0087506322943,0.13309049820403626,193.51979591589244,9.375,0.2877960526315789,0.2,1.7473684210526317,0,true
1,1.0,2.0,1.6,0.1,1.0,480.31634260081836,512.4558565153417,-32.13951391452332,false,274.0087506322943,0.13309049820403626,193.51979591589244,12.5,0.2877960526315789,0.2,1.7473684210526317,0,true
1,1.0,2.0,1.6,0.1,1.25,483.44134260081836,512.4558565153417,-29.01451391452332,false,274.0087506322943,0.13309049820403626,193.51979591589244,15.625,0.2877960526315789,0.2,1.7473684210526317,0,true
1,1.0,2.0,1.6,0.1,1.5,486.56634260081836,512.4558565153417,-25.88951391452332,false,274.0087506322943,0.13309049820403626,193.51979591589244,18.75,0.2877960526315789,0.2,1.7473684210526317,0,true
1,1.0,2.0,1.6,0.1,1.75,488.3524373607447,512.4558565153417,-24.103419154596963,false,271.91463705888737,0.13207335324739736,188.1500042492258,28.0,0.2877960526315789,0.2,1.7473684210526317,0,true
1,1.0,2.0,1.6,0.1,2.0,487.39636129000064,512.4558565153417,-25.05949522534104,false,266.5674071419894,0.12947611687443752,172.49115809537966,48.05,0.2877960526315789,0.2,1.7473684210526317,0,true
1,1.0,2.0,1.6,0.15,0.5,472.8055789172178,512.4558565153417,-39.650277598123864,false,263.7417373012695,0.1281036431633107,203.56964753700095,5.0625,0.43169407894736833,0.2,1.7210526315789474,0,true
1,1.0,2.0,1.6,0.15,0.75,475.3368289172178,512.4558565153417,-37.119027598123864,false,263.7417373012695,0.1281036431633107,203.56964753700095,7.59375,0.43169407894736833,0.2,1.7210526315789474,0,true
1,1.0,2.0,1.6,0.15,1.0,477.8680789172178,512.4558565153417,-34.587777598123864,false,263.7417373012695,0.1281036431633107,203.56964753700095,10.125,0.43169407894736833,0.2,1.7210526315789474,0,true
1,1.0,2.0,1.6,0.15,1.25,480.3993289172178,512.4558565153417,-32.056527598123864,false,263.7417373012695,0.1281036431633107,203.56964753700095,12.65625,0.43169407894736833,0.2,1.7210526315789474,0,true
1,1.0,2.0,1.6,0.15,1.5,482.9305789172178,512.4558565153417,-29.525277598123864,false,263.7417373012695,0.1281036431633107,203.56964753700095,15.1875,0.43169407894736833,0.2,1.7210526315789474,0,true
1,1.0,2.0,1.6,0.15,1.75,483.07586689044,512.4558565153417,-29.37998962490167,false,260.6005669411584,0.12657792572835197,198.1998558703343,23.84375,0.43169407894736833,0.2,1.7210526315789474,0,true
1,1.0,2.0,1.6,0.15,2.0,478.8524258612474,512.4558565153417,-33.60343065409427,false,252.5797220658119,0.12268207116891244,182.54100971648816,43.3,0.43169407894736833,0.2,1.7210526315789474,0,true
1,1.0,2.0,1.6,0.2,0.5,467.28367506625284,512.4558565153417,-45.17218144908884,false,253.4747239702442,0.12311678812258488,208.92085899074544,4.3125,0.5755921052631578,0.2,1.694736842105263,0,true
1,1.0,2.0,1.6,0.2,0.75,469.43992506625284,512.4558565153417,-43.01593144908884,false,253.4747239702442,0.12311678812258488,208.92085899074544,6.46875,0.5755921052631578,0.2,1.694736842105263,0,true
1,1.0,2.0,1.6,0.2,1.0,471.59617506625284,512.4558565153417,-40.85968144908884,false,253.4747239702442,0.12311678812258488,208.92085899074544,8.625,0.5755921052631578,0.2,1.694736842105263,0,true
1,1.0,2.0,1.6,0.2,1.25,473.75242506625284,512.4558565153417,-38.70343144908884,false,253.4747239702442,0.12311678812258488,208.92085899074544,10.78125,0.5755921052631578,0.2,1.694736842105263,0,true
1,1.0,2.0,1.6,0.2,1.5,475.90867506625284,512.4558565153417,-36.54718144908884,false,253.4747239702442,0.12311678812258488,208.92085899074544,12.9375,0.5755921052631578,0.2,1.694736842105263,0,true
1,1.0,2.0,1.6,0.2,1.75,474.6319062527717,512.4558565153417,-37.82395026256995,false,249.28649682342984,0.12108249820930683,203.55106732407876,21.21875,0.5755921052631578,0.2,1.694736842105263,0,true
1,1.0,2.0,1.6,0.2,2.0,467.3598502651306,512.4558565153417,-45.096006250211076,false,238.59203698963483,0.1158880254633876,187.89222117023263,40.3,0.5755921052631578,0.2,1.694736842105263,0,true
1,1.0,2.0,1.6,0.25,0.5,465.98819992890816,512.4558565153417,-46.46765658643352,false,247.77421063921975,0.12034795626048529,213.61949915810948,3.875,0.7194901315789473,0.2,1.668421052631579,0,true
1,1.0,2.0,1.6,0.25,0.75,467.92569992890816,512.4558565153417,-44.53015658643352,false,247.77421063921975,0.12034795626048529,213.61949915810948,5.8125,0.7194901315789473,0.2,1.668421052631579,0,true
1,1.0,2.0,1.6,0.25,1.0,469.86319992890816,512.4558565153417,-42.59265658643352,false,247.77421063921975,0.12034795626048529,213.61949915810948,7.75,0.7194901315789473,0.2,1.668421052631579,0,true
1,1.0,2.0,1.6,0.25,1.25,471.80069992890816,512.4558565153417,-40.65515658643352,false,247.77421063921975,0.12034795626048529,213.61949915810948,9.6875,0.7194901315789473,0.2,1.668421052631579,0,true
1,1.0,2.0,1.6,0.25,1.5,473.73819992890816,512.4558565153417,-38.71765658643352,false,247.77421063921975,0.12034795626048529,213.61949915810948,11.625,0.7194901315789473,0.2,1.668421052631579,0,true
1,1.0,2.0,1.6,0.25,1.75,471.1956243287234,512.4558565153417,-41.26023218661828,false,242.53892670570167,0.11780509386888768,208.2497074914428,19.6875,0.7194901315789473,0.2,1.668421052631579,0,true
1,1.0,2.0,1.6,0.25,2.0,464.0532103944062,512.4558565153417,-48.40264612093546,false,235.05260399102008,0.11416886539985521,192.59086133759666,36.05,0.35974506578947363,0.2,1.7342105263157894,0,true
1,1.0,2.0,1.6,0.3,0.5,451.2985846241988,512.4558565153417,-61.1572718911429,false,232.94069730819456,0.1131430780411337,213.61949915810948,3.875,0.8633881578947367,0.2,1.6421052631578947,0,true
1,1.0,2.0,1.6,0.3,0.75,453.2360846241988,512.4558565153417,-59.2197718911429,false,232.94069730819456,0.1131430780411337,213.61949915810948,5.8125,0.8633881578947367,0.2,1.6421052631578947,0,true
1,1.0,2.0,1.6,0.3,1.0,455.1735846241988,512.4558565153417,-57.2822718911429,false,232.94069730819456,0.1131430780411337,213.61949915810948,7.75,0.8633881578947367,0.2,1.6421052631578947,0,true
1,1.0,2.0,1.6,0.3,1.25,457.1110846241988,512.4558565153417,-55.3447718911429,false,232.94069730819456,0.1131430780411337,213.61949915810948,9.6875,0.8633881578947367,0.2,1.6421052631578947,0,true
1,1.0,2.0,1.6,0.3,1.5,459.0485846241988,512.4558565153417,-53.4072718911429,false,232.94069730819456,0.1131430780411337,213.61949915810948,11.625,0.8633881578947367,0.2,1.6421052631578947,0,true
1,1.0,2.0,1.6,0.3,1.75,455.4589522373103,512.4558565153417,-56.996904278031366,false,226.65835658797278,0.11009164317121654,208.2497074914428,19.6875,0.8633881578947367,0.2,1.6421052631578947,0,true
1,1.0,2.0,1.6,0.3,2.0,446.7473247468991,512.4558565153417,-65.70853176844258,false,217.67476933035505,0.10572816900837767,192.59086133759666,36.05,0.43169407894736833,0.2,1.7210526315789474,0,true
1,1.0,2.0,1.6,0.35,0.5,436.60896931948935,512.4558565153417,-75.84688719585233,false,218.10718397716937,0.10593819982178213,213.61949915810948,3.875,1.007286184210526,0.19999999999999998,1.6157894736842107,0,true
1,1.0,2.0,1.6,0.35,0.75,438.54646931948935,512.4558565153417,-73.90938719585233,false,218.10718397716937,0.10593819982178213,213.61949915810948,5.8125,1.007286184210526,0.19999999999999998,1.6157894736842107,0,true
1,1.0,2.0,1.6,0.35,1.0,440.48396931948935,512.4558565153417,-71.97188719585233,false,218.10718397716937,0.10593819982178213,213.61949915810948,7.75,1.007286184210526,0.19999999999999998,1.6157894736842107,0,true
1,1.0,2.0,1.6,0.35,1.25,442.42146931948935,512.4558565153417,-70.03438719585233,false,218.10718397716937,0.10593819982178213,213.61949915810948,9.6875,1.007286184210526,0.19999999999999998,1.6157894736842107,0,true
1,1.0,2.0,1.6,0.35,1.5,444.35896931948935,512.4558565153417,-68.09688719585233,false,218.10718397716937,0.10593819982178213,213.61949915810948,11.625,1.007286184210526,0.19999999999999998,1.6157894736842107,0,true
1,1.0,2.0,1.6,0.35,1.75,439.7222801458977,512.4558565153417,-72.733576369444,false,210.77778647024434,0.10237819247354561,208.2497074914428,19.6875,1.007286184210526,0.19999999999999998,1.6157894736842107,0,true
1,1.0,2.0,1.6,0.35,2.0,429.22155145858494,512.4558565153417,-83.23430505675674,false,200.07704702888304,0.0971806696202937,192.59086133759666,36.05,0.503643092105263,0.19999999999999998,1.6977481304660627,0,true
1,1.0,2.0,1.6,0.4,0.5,444.4464941821445,512.4558565153417,-68.0093623331972,false,221.5396706461447,0.10760541431693409,218.31813932547345,3.4375,1.1511842105263157,0.2,1.5894736842105264,0,true
1,1.0,2.0,1.6,0.4,0.75,446.1652441821445,512.4558565153417,-66.2906123331972,false,221.5396706461447,0.10760541431693409,218.31813932547345,5.15625,1.1511842105263157,0.2,1.5894736842105264,0,true
1,1.0,2.0,1.6,0.4,1.0,447.8839941821445,512.4558565153417,-64.5718623331972,false,221.5396706461447,0.10760541431693409,218.31813932547345,6.875,1.1511842105263157,0.2,1.5894736842105264,0,true
1,1.0,2.0,1.6,0.4,1.25,449.6027441821445,512.4558565153417,-62.8531123331972,false,221.5396706461447,0.10760541431693409,218.31813932547345,8.59375,1.1511842105263157,0.2,1.5894736842105264,0,true
1,1.0,2.0,1.6,0.4,1.5,451.3214941821445,512.4558565153417,-61.1343623331972,false,221.5396706461447,0.10760541431693409,218.31813932547345,10.3125,1.1511842105263157,0.2,1.5894736842105264,0,true
1,1.0,2.0,1.6,0.4,1.75,445.41899822184865,512.4558565153417,-67.03685829349303,false,213.16321635251552,0.10353683449037779,212.94834765880682,18.15625,1.1511842105263157,0.2,1.5894736842105264,0,true
1,1.0,2.0,1.6,0.4,2.0,432.2748696903533,512.4558565153417,-80.1809868249884,false,200.10977608012945,0.0971965666517793,197.2895015049607,34.3,0.5755921052631578,0.2,1.6451165515186938,0,true
1,1.0,2.0,1.6,0.45,0.5,431.69857699033116,512.4558565153417,-80.75727952501052,false,208.64785542801565,0.10134365039087007,218.31813932547345,3.4375,1.295082236842105,0.2,1.5752532983850385,0,true
1,1.0,2.0,1.6,0.45,0.75,433.41732699033116,512.4558565153417,-79.03852952501052,false,208.64785542801565,0.10134365039087007,218.31813932547345,5.15625,1.295082236842105,0.2,1.5752532983850385,0,true
1,1.0,2.0,1.6,0.45,1.0,435.13607699033116,512.4558565153417,-77.31977952501052,false,208.64785542801565,0.10134365039087007,218.31813932547345,6.875,1.295082236842105,0.2,1.5752532983850385,0,true
1,1.0,2.0,1.6,0.45,1.25,436.85482699033116,512.4558565153417,-75.60102952501052,false,208.64785542801565,0.10134365039087007,218.31813932547345,8.59375,1.295082236842105,0.2,1.5752532983850385,0,true
1,1.0,2.0,1.6,0.45,1.5,438.57357699033116,512.4558565153417,-73.88227952501052,false,208.64785542801565,0.10134365039087007,218.31813932547345,10.3125,1.295082236842105,0.2,1.5752532983850385,0,true
1,1.0,2.0,1.6,0.45,1.75,431.6240242433321,512.4558565153417,-80.83183227200959,false,199.2243443476832,0.09676649808599443,212.94834765880682,18.15625,1.295082236842105,0.2,1.5752532983850385,0,true
1,1.0,2.0,1.6,0.45,2.0,427.4548314285804,512.4558565153417,-85.00102508676127,false,194.74690887098814,0.09459173499213452,200.90792255759226,31.799999999999997,0.0,0.2,1.7109060252029042,0,true
1,1.0,2.0,1.6,0.5,0.5,450.3907401840113,512.4558565153417,-62.06511633133039,false,217.93498042801593,0.10585455776255429,228.0167794928375,3.0,1.4389802631578945,0.2,1.5752532983850385,0,true
1,1.0,2.0,1.6,0.5,0.75,451.8907401840113,512.4558565153417,-60.56511633133039,false,217.93498042801593,0.10585455776255429,228.0167794928375,4.5,1.4389802631578945,0.2,1.5752532983850385,0,true
1,1.0,2.0,1.6,0.5,1.0,453.3907401840113,512.4558565153417,-59.06511633133039,false,217.93498042801593,0.10585455776255429,228.0167794928375,6.0,1.4389802631578945,0.2,1.5752532983850385,0,true
1,1.0,2.0,1.6,0.5,1.25,454.8907401840113,512.4558565153417,-57.56511633133039,false,217.93498042801593,0.10585455776255429,228.0167794928375,7.5,1.4389802631578945,0.2,1.5752532983850385,0,true
1,1.0,2.0,1.6,0.5,1.5,456.3907401840113,512.4558565153417,-56.06511633133039,false,217.93498042801593,0.10585455776255429,228.0167794928375,9.0,1.4389802631578945,0.2,1.5752532983850385,0,true
1,1.0,2.0,1.6,0.5,1.75,448.1753806503085,512.4558565153417,-64.28047586503317,false,207.46441256097978,0.10076883297935907,222.64698782617086,16.625,1.4389802631578945,0.2,1.5752532983850385,0,true
1,1.0,2.0,1.6,0.5,2.0,443.46230106270355,512.4558565153417,-68.99355545263813,false,202.80573833774724,0.0985060392842323,210.6065627249563,30.049999999999997,0.0,0.2,1.6714323409923781,0,true
1,1.0,2.0,1.6,0.55,0.5,439.2725132103269,512.4558565153417,-73.18334330501477,false,206.67285542801574,0.10038436083042207,228.0167794928375,3.0,1.5828782894736841,0.2,1.5752532983850385,0,true
1,1.0,2.0,1.6,0.55,0.75,440.7725132103269,512.4558565153417,-71.68334330501477,false,206.67285542801574,0.10038436083042207,228.0167794928375,4.5,1.5828782894736841,0.2,1.5752532983850385,0,true
1,1.0,2.0,1.6,0.55,1.0,442.2725132103269,512.4558565153417,-70.18334330501477,false,206.67285542801574,0.10038436083042207,228.0167794928375,6.0,1.5828782894736841,0.2,1.5752532983850385,0,true
1,1.0,2.0,1.6,0.55,1.25,443.7725132103269,512.4558565153417,-68.68334330501477,false,206.67285542801574,0.10038436083042207,228.0167794928375,7.5,1.5828782894736841,0.2,1.5752532983850385,0,true
1,1.0,2.0,1.6,0.55,1.5,445.2725132103269,512.4558565153417,-67.18334330501477,false,206.67285542801574,0.10038436083042207,228.0167794928375,9.0,1.5828782894736841,0.2,1.5752532983850385,0,true
1,1.0,2.0,1.6,0.55,1.75,436.0100968899209,512.4558565153417,-76.4457596254208,false,195.15523077427633,0.09479006356890751,222.64698782617086,16.625,1.5828782894736841,0.2,1.5752532983850385,0,true
1,1.0,2.0,1.6,0.55,2.0,430.9718805294626,512.4558565153417,-81.48397598587906,false,190.31531780450632,0.09243923927251387,210.6065627249563,30.049999999999997,0.0,0.2,1.6319586567818516,0,true
1,1.0,2.0,1.6,0.6,0.5,447.05804720155515,512.4558565153417,-65.39780931378652,false,215.49760542801596,0.10467068515880895,227.27116545774976,2.5625,1.7267763157894733,0.2,1.5752532983850385,0,true
1,1.0,2.0,1.6,0.6,0.75,448.33929720155515,512.4558565153417,-64.11655931378652,false,215.49760542801596,0.10467068515880895,227.27116545774976,3.84375,1.7267763157894733,0.2,1.5752532983850385,0,true
1,1.0,2.0,1.6,0.6,1.0,449.62054720155515,512.4558565153417,-62.835309313786524,false,215.49760542801596,0.10467068515880895,227.27116545774976,5.125,1.7267763157894733,0.2,1.5752532983850385,0,true
1,1.0,2.0,1.6,0.6,1.25,450.90179720155515,512.4558565153417,-61.554059313786524,false,215.49760542801596,0.10467068515880895,227.27116545774976,6.40625,1.7267763157894733,0.2,1.5752532983850385,0,true
1,1.0,2.0,1.6,0.6,1.5,452.18304720155515,512.4558565153417,-60.272809313786524,false,215.49760542801596,0.10467068515880895,227.27116545774976,7.6875,1.7267763157894733,0.2,1.5752532983850385,0,true
1,1.0,2.0,1.6,0.6,1.75,441.65482409444496,512.4558565153417,-70.80103242089672,false,202.9329239875724,0.09856781541897461,221.90137379108313,15.09375,1.7267763157894733,0.2,1.5752532983850385,0,true
1,1.0,2.0,1.6,0.6,2.0,418.4814599962217,512.4558565153417,-93.97439651911998,false,177.8248972712654,0.08637243926079542,210.6065627249563,30.049999999999997,0.0,0.2,1.5924849725713255,0,true
1,1.0,2.0,1.6,0.65,0.5,442.61372647787084,512.4558565153417,-69.84213003747084,false,205.90938667801584,0.10001353166505335,232.27116545774976,2.5625,1.870674342105263,0.2,1.5752532983850385,0,true
1,1.0,2.0,1.6,0.65,0.75,443.89497647787084,512.4558565153417,-68.56088003747084,false,205.90938667801584,0.10001353166505335,232.27116545774976,3.84375,1.870674342105263,0.2,1.5752532983850385,0,true
1,1.0,2.0,1.6,0.65,1.0,445.17622647787084,512.4558565153417,-67.27963003747084,false,205.90938667801584,0.10001353166505335,232.27116545774976,5.125,1.870674342105263,0.2,1.5752532983850385,0,true
1,1.0,2.0,1.6,0.65,1.25,446.45747647787084,512.4558565153417,-65.99838003747084,false,205.90938667801584,0.10001353166505335,232.27116545774976,6.40625,1.870674342105263,0.2,1.5752532983850385,0,true
1,1.0,2.0,1.6,0.65,1.5,447.73872647787084,512.4558565153417,-64.71713003747084,false,205.90938667801584,0.10001353166505335,232.27116545774976,7.6875,1.870674342105263,0.2,1.5752532983850385,0,true
1,1.0,2.0,1.6,0.65,1.75,436.1634465840574,512.4558565153417,-76.29240993128428,false,192.29764845086902,0.09340208944689966,226.90137379108313,15.09375,1.870674342105263,0.2,1.5752532983850385,0,true
1,1.0,2.0,1.6,0.65,2.0,405.26580133247603,512.4558565153417,-107.19005518286565,false,164.60923860751973,0.07995337931619999,210.6065627249563,30.049999999999997,0.0,0.2,1.5530112883607994,0,true
1,1.0,2.0,1.6,0.7,0.5,455.42097921909897,512.4558565153417,-57.03487729624271,false,219.75585542801582,0.10673898630856984,231.5255514226621,2.125,2.014572368421052,0.2,1.6593886919070555,0,true
1,1.0,2.0,1.6,0.7,0.75,456.48347921909897,512.4558565153417,-55.97237729624271,false,219.75585542801582,0.10673898630856984,231.5255514226621,3.1875,2.014572368421052,0.2,1.6593886919070555,0,true
1,1.0,2.0,1.6,0.7,1.0,457.54597921909897,512.4558565153417,-54.90987729624271,false,219.75585542801582,0.10673898630856984,231.5255514226621,4.25,2.014572368421052,0.2,1.6593886919070555,0,true
1,1.0,2.0,1.6,0.7,1.25,458.60847921909897,512.4558565153417,-53.84737729624271,false,219.75585542801582,0.10673898630856984,231.5255514226621,5.3125,2.014572368421052,0.2,1.6593886919070555,0,true
1,1.0,2.0,1.6,0.7,1.5,459.67097921909897,512.4558565153417,-52.78487729624271,false,219.75585542801582,0.10673898630856984,231.5255514226621,6.375,2.014572368421052,0.2,1.6593886919070555,0,true
1,1.0,2.0,1.6,0.7,1.75,446.82989253858176,512.4558565153417,-65.62596397675992,false,205.0970604141653,0.0996189716120966,226.1557597559954,13.5625,2.014572368421052,0.2,1.6593886919070555,0,true
1,1.0,2.0,1.6,0.7,2.0,391.28271329577206,512.4558565153417,-121.17314321956962,false,150.62615057081575,0.0731615664673716,210.6065627249563,30.049999999999997,0.0,0.2,1.5135376041502728,0,true
1,1.0,2.0,1.6,0.75,0.5,447.6505647454147,512.4558565153417,-64.80529176992695,false,211.84154292801577,0.10289487625319084,231.5255514226621,2.125,2.1584703947368418,0.2,1.6330729024333714,0,true
1,1.0,2.0,1.6,0.75,0.75,448.7130647454147,512.4558565153417,-63.74279176992695,false,211.84154292801577,0.10289487625319084,231.5255514226621,3.1875,2.1584703947368418,0.2,1.6330729024333714,0,true
1,1.0,2.0,1.6,0.75,1.0,449.7755647454147,512.4558565153417,-62.68029176992695,false,211.84154292801577,0.10289487625319084,231.5255514226621,4.25,2.1584703947368418,0.2,1.6330729024333714,0,true
1,1.0,2.0,1.6,0.75,1.25,450.8380647454147,512.4558565153417,-61.61779176992695,false,211.84154292801577,0.10289487625319084,231.5255514226621,5.3125,2.1584703947368418,0.2,1.6330729024333714,0,true
1,1.0,2.0,1.6,0.75,1.5,451.9005647454147,512.4558565153417,-60.55529176992695,false,211.84154292801577,0.10289487625319084,231.5255514226621,6.375,2.1584703947368418,0.2,1.6330729024333714,0,true
1,1.0,2.0,1.6,0.75,1.75,437.05612130797715,512.4558565153417,-75.39973520736453,false,195.17939115724494,0.0948017986591142,226.1557597559954,13.5625,2.1584703947368418,0.2,1.6330729024333714,0,true
1,1.0,2.0,1.6,0.75,2.0,403.95630500376393,512.4558565153417,-108.49955151157775,false,160.79535631389535,0.07810091477490808,214.86094868986856,28.299999999999997,0.0,0.2,1.5045052434257495,0,true
2,2.0,4.0,3.2,0.0,0.5,1102.1047717606677,1101.2297717606677,0.875,true,500.02031978647756,0.2428679862192714,601.2094519741902,0.875,0.0,0.4,3.293978927636276,0,true
2,2.0,4.0,3.2,0.0,0.75,1102.5422717606677,1101.2297717606677,1.3125,true,500.02031978647756,0.2428679862192714,601.2094519741902,1.3125,0.0,0.4,3.293978927636276,0,true
2,2.0,4.0,3.2,0.0,1.0,1102.9797717606677,1101.2297717606677,1.75,true,500.02031978647756,0.2428679862192714,601.2094519741902,1.75,0.0,0.4,3.293978927636276,0,true
2,2.0,4.0,3.2,0.0,1.25,1103.4172717606677,1101.2297717606677,2.1875,true,500.02031978647756,0.2428679862192714,601.2094519741902,2.1875,0.0,0.4,3.293978927636276,0,true
2,2.0,4.0,3.2,0.0,1.5,1103.8547717606677,1101.2297717606677,2.625,true,500.02031978647756,0.2428679862192714,601.2094519741902,2.625,0.0,0.4,3.293978927636276,0,true
2,2.0,4.0,3.2,0.0,1.75,1105.047480094001,1101.2297717606677,3.8177083333332575,true,500.02031978647756,0.2428679862192714,595.8396603075234,9.1875,0.0,0.4,3.293978927636276,0,true
2,2.0,4.0,3.2,0.0,2.0,1107.1422877863088,1101.2297717606677,5.912516025641025,true,500.02031978647756,0.2428679862192714,564.5219679998312,42.599999999999994,0.0,0.4,3.293978927636276,0,true
2,2.0,4.0,3.2,0.05,0.5,1099.0522092606677,1101.2297717606677,-2.177562500000022,false,496.96775728647754,0.2413853070603523,601.2094519741902,0.875,0.0,0.4,3.267663138162592,0,true
2,2.0,4.0,3.2,0.05,0.75,1099.4897092606677,1101.2297717606677,-1.7400625000000218,false,496.96775728647754,0.2413853070603523,601.2094519741902,1.3125,0.0,0.4,3.267663138162592,0,true
2,2.0,4.0,3.2,0.05,1.0,1099.9272092606677,1101.2297717606677,-1.3025625000000218,false,496.96775728647754,0.2413853070603523,601.2094519741902,1.75,0.0,0.4,3.267663138162592,0,true
2,2.0,4.0,3.2,0.05,1.25,1100.3647092606677,1101.2297717606677,-0.8650625000000218,false,496.96775728647754,0.2413853070603523,601.2094519741902,2.1875,0.0,0.4,3.267663138162592,0,true
2,2.0,4.0,3.2,0.05,1.5,1100.8022092606677,1101.2297717606677,-0.42756250000002183,false,496.96775728647754,0.2413853070603523,601.2094519741902,2.625,0.0,0.4,3.267663138162592,0,true
2,2.0,4.0,3.2,0.05,1.75,1094.5199880061268,1101.2297717606677,-6.709783754540922,false,492.7886947864772,0.2393554685648028,590.592964272281,11.0075,0.13082894736842085,0.4,3.267663138162592,0,true
2,2.0,4.0,3.2,0.05,2.0,1095.7784426282587,1101.2297717606677,-5.4513291324090005,false,486.68356978647716,0.23639011024696463,567.7840438944133,41.17999999999999,0.13082894736842085,0.4,3.215031559215223,0,true
2,2.0,4.0,3.2,0.1,0.5,1095.9996467606677,1101.2297717606677,-5.230125000000044,false,493.9151947864775,0.2399026279014332,601.2094519741902,0.875,0.0,0.4,3.2413473486889073,0,true
2,2.0,4.0,3.2,0.1,0.75,1096.4371467606677,1101.2297717606677,-4.792625000000044,false,493.9151947864775,0.2399026279014332,601.2094519741902,1.3125,0.0,0.4,3.2413473486889073,0,true
2,2.0,4.0,3.2,0.1,1.0,1096.8746467606677,1101.2297717606677,-4.355125000000044,false,493.9151947864775,0.2399026279014332,601.2094519741902,1.75,0.0,0.4,3.2413473486889073,0,true
2,2.0,4.0,3.2,0.1,1.25,1097.3121467606677,1101.2297717606677,-3.9176250000000437,false,493.9151947864775,0.2399026279014332,601.2094519741902,2.1875,0.0,0.4,3.2413473486889073,0,true
2,2.0,4.0,3.2,0.1,1.5,1097.7496467606677,1101.2297717606677,-3.4801250000000437,false,493.9151947864775,0.2399026279014332,601.2094519741902,2.625,0.0,0.4,3.2413473486889073,0,true
2,2.0,4.0,3.2,0.1,1.75,1087.419191953495,1101.2297717606677,-13.810579807172644,false,485.5570697864773,0.23584295091033447,590.592964272281,11.0075,0.2616578947368417,0.4,3.2413473486889073,0,true
2,2.0,4.0,3.2,0.1,2.0,1082.5725215756274,1101.2297717606677,-18.65725018504031,false,473.3468197864772,0.2299122342746581,567.7840438944133,41.17999999999999,0.2616578947368417,0.4,3.1360841907941706,0,true
2,2.0,4.0,3.2,0.15,0.5,1092.9470842606672,1101.2297717606677,-8.28268750000052,false,490.86263228647704,0.23841994874251388,601.2094519741902,0.875,0.0,0.4,3.215031559215223,0,true
2,2.0,4.0,3.2,0.15,0.75,1093.3845842606672,1101.2297717606677,-7.84518750000052,false,490.86263228647704,0.23841994874251388,601.2094519741902,1.3125,0.0,0.4,3.215031559215223,0,true
2,2.0,4.0,3.2,0.15,1.0,1093.8220842606672,1101.2297717606677,-7.40768750000052,false,490.86263228647704,0.23841994874251388,601.2094519741902,1.75,0.0,0.4,3.215031559215223,0,true
2,2.0,4.0,3.2,0.15,1.25,1094.2595842606672,1101.2297717606677,-6.97018750000052,false,490.86263228647704,0.23841994874251388,601.2094519741902,2.1875,0.0,0.4,3.215031559215223,0,true
2,2.0,4.0,3.2,0.15,1.5,1094.6970842606672,1101.2297717606677,-6.53268750000052,false,490.86263228647704,0.23841994874251388,601.2094519741902,2.625,0.0,0.4,3.215031559215223,0,true
2,2.0,4.0,3.2,0.15,1.75,1080.3183959008638,1101.2297717606677,-20.91137585980391,false,478.3254447864774,0.2323304332558661,590.592964272281,11.0075,0.3924868421052626,0.4,3.215031559215223,1,true
2,2.0,4.0,3.2,0.15,2.0,1037.5998804568414,1101.2297717606677,-63.6298913038263,false,428.24334972032284,0.20800474669266175,567.7840438944133,41.17999999999999,0.3924868421052626,0.4,3.057136822373118,1,true
2,2.0,4.0,3.2,0.2,0.5,1089.8945217606677,1101.2297717606677,-11.335250000000087,false,487.81006978647747,0.236937269583595,601.2094519741902,0.875,0.0,0.4,3.188715769741539,0,true
2,2.0,4.0,3.2,0.2,0.75,1090.3320217606677,1101.2297717606677,-10.897750000000087,false,487.81006978647747,0.236937269583595,601.2094519741902,1.3125,0.0,0.4,3.188715769741539,0,true
2,2.0,4.0,3.2,0.2,1.0,1090.7695217606677,1101.2297717606677,-10.460250000000087,false,487.81006978647747,0.236937269583595,601.2094519741902,1.75,0.0,0.4,3.188715769741539,0,true
2,2.0,4.0,3.2,0.2,1.25,1091.2070217606677,1101.2297717606677,-10.022750000000087,false,487.81006978647747,0.236937269583595,601.2094519741902,2.1875,0.0,0.4,3.188715769741539,0,true
2,2.0,4.0,3.2,0.2,1.5,1091.6445217606677,1101.2297717606677,-9.585250000000087,false,487.81006978647747,0.236937269583595,601.2094519741902,2.625,0.0,0.4,3.188715769741539,0,true
2,2.0,4.0,3.2,0.2,1.75,1073.2175998482319,1101.2297717606677,-28.01217191243586,false,471.09381978647707,0.22881791560139753,590.592964272281,11.0075,0.5233157894736834,0.4,3.188715769741539,1,true
2,2.0,4.0,3.2,0.2,2.0,1005.7577109658132,1101.2297717606677,-95.47206079485454,false,396.2703512819262,0.19247494232902856,567.7840438944133,41.17999999999999,0.5233157894736834,0.4,2.9781894539520652,1,true
2,2.0,4.0,3.2,0.25,0.5,1086.8419592606676,1101.2297717606677,-14.38781250000011,false,484.75750728647745,0.23545459042467592,601.2094519741902,0.875,0.0,0.4,3.1623999802678546,0,true
2,2.0,4.0,3.2,0.25,0.75,1087.2794592606676,1101.2297717606677,-13.95031250000011,false,484.75750728647745,0.23545459042467592,601.2094519741902,1.3125,0.0,0.4,3.1623999802678546,0,true
2,2.0,4.0,3.2,0.25,1.0,1087.7169592606676,1101.2297717606677,-13.51281250000011,false,484.75750728647745,0.23545459042467592,601.2094519741902,1.75,0.0,0.4,3.1623999802678546,0,true
2,2.0,4.0,3.2,0.25,1.25,1088.1544592606676,1101.2297717606677,-13.07531250000011,false,484.75750728647745,0.23545459042467592,601.2094519741902,2.1875,0.0,0.4,3.1623999802678546,0,true
2,2.0,4.0,3.2,0.25,1.5,1088.5919592606676,1101.2297717606677,-12.63781250000011,false,484.75750728647745,0.23545459042467592,601.2094519741902,2.625,0.0,0.4,3.1623999802678546,0,true
2,2.0,4.0,3.2,0.25,1.75,1060.8701077603582,1101.2297717606677,-40.35966400030952,false,463.8621947864772,0.2253053979469292,585.3462682370388,11.0075,0.6541447368421043,0.4,3.1623999802678546,1,true
2,2.0,4.0,3.2,0.25,2.0,986.4193438779395,1101.2297717606677,-114.81042788272828,false,382.04785128192634,0.18556684320321984,562.5373478591711,41.17999999999999,0.6541447368421043,0.4,2.8992420855310126,1,true
2,2.0,4.0,3.2,0.3,0.5,1083.7893967606676,1101.2297717606677,-17.44037500000013,false,481.7049447864774,0.23397191126575684,601.2094519741902,0.875,0.0,0.4,3.1360841907941706,0,true
2,2.0,4.0,3.2,0.3,0.75,1084.2268967606676,1101.2297717606677,-17.00287500000013,false,481.7049447864774,0.23397191126575684,601.2094519741902,1.3125,0.0,0.4,3.1360841907941706,0,true
2,2.0,4.0,3.2,0.3,1.0,1084.6643967606676,1101.2297717606677,-16.56537500000013,false,481.7049447864774,0.23397191126575684,601.2094519741902,1.75,0.0,0.4,3.1360841907941706,0,true
2,2.0,4.0,3.2,0.3,1.25,1085.1018967606676,1101.2297717606677,-16.12787500000013,false,481.7049447864774,0.23397191126575684,601.2094519741902,2.1875,0.0,0.4,3.1360841907941706,0,true
2,2.0,4.0,3.2,0.3,1.5,1085.5393967606676,1101.2297717606677,-15.690375000000131,false,481.7049447864774,0.23397191126575684,601.2094519741902,2.625,0.0,0.4,3.1360841907941706,0,true
2,2.0,4.0,3.2,0.3,1.75,1053.7693117077265,1101.2297717606677,-47.460460052941244,false,456.6305697864773,0.22179288029246083,585.3462682370388,11.0075,0.7849736842105252,0.4,3.1360841907941706,1,true
2,2.0,4.0,3.2,0.3,2.0,977.3276728253076,1101.2297717606677,-123.90209893536019,false,367.82535128192603,0.17865874407741092,567.5373478591711,41.17999999999999,0.7849736842105252,0.4,2.82029471710996,1,true
2,2.0,4.0,3.2,0.35,0.5,1073.9701141945131,1101.2297717606677,-27.2596575661546,false,471.88566222032296,0.2292025263256042,601.2094519741902,0.875,0.0,0.4,3.1097684013204865,0,true
2,2.0,4.0,3.2,0.35,0.75,1074.4076141945131,1101.2297717606677,-26.8221575661546,false,471.88566222032296,0.2292025263256042,601.2094519741902,1.3125,0.0,0.4,3.1097684013204865,0,true
2,2.0,4.0,3.2,0.35,1.0,1074.8451141945131,1101.2297717606677,-26.3846575661546,false,471.88566222032296,0.2292025263256042,601.2094519741902,1.75,0.0,0.4,3.1097684013204865,0,true
2,2.0,4.0,3.2,0.35,1.25,1075.2826141945131,1101.2297717606677,-25.9471575661546,false,471.88566222032296,0.2292025263256042,601.2094519741902,2.1875,0.0,0.4,3.1097684013204865,0,true
2,2.0,4.0,3.2,0.35,1.5,1075.7201141945131,1101.2297717606677,-25.5096575661546,false,471.88566222032296,0.2292025263256042,601.2094519741902,2.625,0.0,0.4,3.1097684013204865,0,true
2,2.0,4.0,3.2,0.35,1.75,1039.9017955889408,1101.2297717606677,-61.32797617172696,false,442.63222472032294,0.21499365685675895,585.3462682370388,11.0075,0.9158026315789459,0.4,3.1097684013204865,1,true
2,2.0,4.0,3.2,0.35,2.0,963.2360017726761,1101.2297717606677,-137.99376998799164,false,353.6028512819262,0.17175064495160222,567.5373478591711,41.17999999999999,0.9158026315789459,0.4,2.7413473486889073,1,true
2,2.0,4.0,3.2,0.4,0.5,1058.417551694513,1101.2297717606677,-42.81222006615485,false,456.3330997203227,0.22164839425245686,601.2094519741902,0.875,0.0,0.4,3.083452611846802,0,true
2,2.0,4.0,3.2,0.4,0.75,1058.855051694513,1101.2297717606677,-42.37472006615485,false,456.3330997203227,0.22164839425245686,601.2094519741902,1.3125,0.0,0.4,3.083452611846802,0,true
2,2.0,4.0,3.2,0.4,1.0,1059.292551694513,1101.2297717606677,-41.93722006615485,false,456.3330997203227,0.22164839425245686,601.2094519741902,1.75,0.0,0.4,3.083452611846802,0,true
2,2.0,4.0,3.2,0.4,1.25,1059.730051694513,1101.2297717606677,-41.49972006615485,false,456.3330997203227,0.22164839425245686,601.2094519741902,2.1875,0.0,0.4,3.083452611846802,0,true
2,2.0,4.0,3.2,0.4,1.5,1060.167551694513,1101.2297717606677,-41.06222006615485,false,456.3330997203227,0.22164839425245686,601.2094519741902,2.625,0.0,0.4,3.083452611846802,0,true
2,2.0,4.0,3.2,0.4,1.75,1020.3009995363087,1101.2297717606677,-80.92877222435902,false,422.9005997203226,0.20540968628806222,585.3462682370388,11.0075,1.0466315789473668,0.4,3.083452611846802,1,true
2,2.0,4.0,3.2,0.4,2.0,949.1443307200446,1101.2297717606677,-152.0854410406231,false,339.3803512819263,0.16484254582579352,567.5373478591711,41.17999999999999,1.0466315789473668,0.4,2.6623999802678546,1,true
2,2.0,4.0,3.2,0.45,0.5,1042.864989194513,1101.2297717606677,-58.364782566154645,false,440.7805372203229,0.21409426217930974,601.2094519741902,0.875,0.0,0.4,3.0661691830976414,0,true
2,2.0,4.0,3.2,0.45,0.75,1043.302489194513,1101.2297717606677,-57.927282566154645,false,440.7805372203229,0.21409426217930974,601.2094519741902,1.3125,0.0,0.4,3.0661691830976414,0,true
2,2.0,4.0,3.2,0.45,1.0,1043.739989194513,1101.2297717606677,-57.489782566154645,false,440.7805372203229,0.21409426217930974,601.2094519741902,1.75,0.0,0.4,3.0661691830976414,0,true
2,2.0,4.0,3.2,0.45,1.25,1044.177489194513,1101.2297717606677,-57.052282566154645,false,440.7805372203229,0.21409426217930974,601.2094519741902,2.1875,0.0,0.4,3.0661691830976414,0,true
2,2.0,4.0,3.2,0.45,1.5,1044.614989194513,1101.2297717606677,-56.614782566154645,false,440.7805372203229,0.21409426217930974,601.2094519741902,2.625,0.0,0.4,3.0661691830976414,0,true
2,2.0,4.0,3.2,0.45,1.75,1000.7002034836773,1101.2297717606677,-100.5295682769904,false,403.1689747203227,0.19582571571936574,585.3462682370388,11.0075,1.1774605263157878,0.4,3.0661691830976414,1,true
2,2.0,4.0,3.2,0.45,2.0,935.0526596674133,1101.2297717606677,-166.17711209325444,false,325.15785128192647,0.15793444669998483,567.5373478591711,41.17999999999999,1.1774605263157878,0.4,2.583452611846802,1,true
2,2.0,4.0,3.2,0.5,0.5,1027.312426694513,1101.2297717606677,-73.91734506615467,false,425.2279747203229,0.2065401301061625,601.2094519741902,0.875,0.0,0.4,3.0661691830976414,0,true
2,2.0,4.0,3.2,0.5,0.75,1027.749926694513,1101.2297717606677,-73.47984506615467,false,425.2279747203229,0.2065401301061625,601.2094519741902,1.3125,0.0,0.4,3.0661691830976414,0,true
2,2.0,4.0,3.2,0.5,1.0,1028.187426694513,1101.2297717606677,-73.04234506615467,false,425.2279747203229,0.2065401301061625,601.2094519741902,1.75,0.0,0.4,3.0661691830976414,0,true
2,2.0,4.0,3.2,0.5,1.25,1028.624926694513,1101.2297717606677,-72.60484506615467,false,425.2279747203229,0.2065401301061625,601.2094519741902,2.1875,0.0,0.4,3.0661691830976414,0,true
2,2.0,4.0,3.2,0.5,1.5,1029.062426694513,1101.2297717606677,-72.16734506615467,false,425.2279747203229,0.2065401301061625,601.2094519741902,2.625,0.0,0.4,3.0661691830976414,0,true
2,2.0,4.0,3.2,0.5,1.75,993.6197344221193,1101.2297717606677,-107.61003733854841,false,404.33266222032285,0.1963909376284159,580.0995722017965,9.1875,0.0,0.4,3.0661691830976414,0,true
2,2.0,4.0,3.2,0.5,2.0,933.2213156058552,1101.2297717606677,-168.0084561548125,false,331.83066378192643,0.16117554005192264,562.2906518239288,39.099999999999994,0.0,0.4,2.5045052434257493,0,true
2,2.0,4.0,3.2,0.55,0.5,1018.4188657561165,1101.2297717606677,-82.81090600455127,false,416.3344137819263,0.20222038318797902,601.2094519741902,0.875,0.0,0.4,3.0661691830976414,0,true
2,2.0,4.0,3.2,0.55,0.75,1018.8563657561165,1101.2297717606677,-82.37340600455127,false,416.3344137819263,0.20222038318797902,601.2094519741902,1.3125,0.0,0.4,3.0661691830976414,0,true
2,2.0,4.0,3.2,0.55,1.0,1019.2938657561165,1101.2297717606677,-81.93590600455127,false,416.3344137819263,0.20222038318797902,601.2094519741902,1.75,0.0,0.4,3.0661691830976414,0,true
2,2.0,4.0,3.2,0.55,1.25,1019.7313657561165,1101.2297717606677,-81.49840600455127,false,416.3344137819263,0.20222038318797902,601.2094519741902,2.1875,0.0,0.4,3.0661691830976414,0,true
2,2.0,4.0,3.2,0.55,1.5,1020.1688657561165,1101.2297717606677,-81.06090600455127,false,416.3344137819263,0.20222038318797902,601.2094519741902,2.625,0.0,0.4,3.0661691830976414,0,true
2,2.0,4.0,3.2,0.55,1.75,982.6366422337228,1101.2297717606677,-118.59312952694495,false,393.3495700319263,0.19105627146245777,580.0995722017965,9.1875,0.0,0.4,3.0661691830976414,0,true
2,2.0,4.0,3.2,0.55,2.0,921.0883468558551,1101.2297717606677,-180.14142490481265,false,319.6976950319263,0.15528236017388847,562.2906518239288,39.099999999999994,0.0,0.4,2.4255578750046967,0,true
2,2.0,4.0,3.2,0.6,0.5,1015.0710532561163,1101.2297717606677,-86.15871850455142,false,412.98660128192614,0.2005942963112258,601.2094519741902,0.875,0.0,0.4,3.0661691830976414,0,true
2,2.0,4.0,3.2,0.6,0.75,1015.5085532561163,1101.2297717606677,-85.72121850455142,false,412.98660128192614,0.2005942963112258,601.2094519741902,1.3125,0.0,0.4,3.0661691830976414,0,true
2,2.0,4.0,3.2,0.6,1.0,1015.9460532561163,1101.2297717606677,-85.28371850455142,false,412.98660128192614,0.2005942963112258,601.2094519741902,1.75,0.0,0.4,3.0661691830976414,0,true
2,2.0,4.0,3.2,0.6,1.25,1016.3835532561163,1101.2297717606677,-84.84621850455142,false,412.98660128192614,0.2005942963112258,601.2094519741902,2.1875,0.0,0.4,3.0661691830976414,0,true
2,2.0,4.0,3.2,0.6,1.5,1016.8210532561163,1101.2297717606677,-84.40871850455142,false,412.98660128192614,0.2005942963112258,601.2094519741902,2.625,0.0,0.4,3.0661691830976414,0,true
2,2.0,4.0,3.2,0.6,1.75,977.1992984837225,1101.2297717606677,-124.03047327694526,false,387.912226281926,0.18841526533792982,580.0995722017965,9.1875,0.0,0.4,3.0661691830976414,0,true
2,2.0,4.0,3.2,0.6,2.0,908.955378105855,1101.2297717606677,-192.2743936548128,false,307.56472628192614,0.1493891802958543,562.2906518239288,39.099999999999994,0.0,0.4,2.3466105065836445,0,true
2,2.0,4.0,3.2,0.65,0.5,1011.7232407561166,1101.2297717606677,-89.5065310045511,false,409.63878878192645,0.1989682094344728,601.2094519741902,0.875,0.0,0.4,3.0661691830976414,0,true
2,2.0,4.0,3.2,0.65,0.75,1012.1607407561166,1101.2297717606677,-89.0690310045511,false,409.63878878192645,0.1989682094344728,601.2094519741902,1.3125,0.0,0.4,3.0661691830976414,0,true
2,2.0,4.0,3.2,0.65,1.0,1012.5982407561166,1101.2297717606677,-88.6315310045511,false,409.63878878192645,0.1989682094344728,601.2094519741902,1.75,0.0,0.4,3.0661691830976414,0,true
2,2.0,4.0,3.2,0.65,1.25,1013.0357407561166,1101.2297717606677,-88.1940310045511,false,409.63878878192645,0.1989682094344728,601.2094519741902,2.1875,0.0,0.4,3.0661691830976414,0,true
2,2.0,4.0,3.2,0.65,1.5,1013.4732407561166,1101.2297717606677,-87.7565310045511,false,409.63878878192645,0.1989682094344728,601.2094519741902,2.625,0.0,0.4,3.0661691830976414,0,true
2,2.0,4.0,3.2,0.65,1.75,971.7619547337226,1101.2297717606677,-129.4678170269451,false,382.47488253192614,0.18577425921340207,580.0995722017965,9.1875,0.0,0.4,3.0661691830976414,0,true
2,2.0,4.0,3.2,0.65,2.0,896.8224093558553,1101.2297717606677,-204.4073624048125,false,295.43175753192645,0.14349600041782032,562.2906518239288,39.099999999999994,0.0,0.4,2.2676631381625914,0,true
2,2.0,4.0,3.2,0.7,0.5,1008.3754282561165,1101.2297717606677,-92.85434350455125,false,406.2909762819263,0.19734212255771957,601.2094519741902,0.875,0.0,0.4,3.0661691830976414,0,true
2,2.0,4.0,3.2,0.7,0.75,1008.8129282561165,1101.2297717606677,-92.41684350455125,false,406.2909762819263,0.19734212255771957,601.2094519741902,1.3125,0.0,0.4,3.0661691830976414,0,true
2,2.0,4.0,3.2,0.7,1.0,1009.2504282561165,1101.2297717606677,-91.97934350455125,false,406.2909762819263,0.19734212255771957,601.2094519741902,1.75,0.0,0.4,3.0661691830976414,0,true
2,2.0,4.0,3.2,0.7,1.25,1009.6879282561165,1101.2297717606677,-91.54184350455125,false,406.2909762819263,0.19734212255771957,601.2094519741902,2.1875,0.0,0.4,3.0661691830976414,0,true
2,2.0,4.0,3.2,0.7,1.5,1010.1254282561165,1101.2297717606677,-91.10434350455125,false,406.2909762819263,0.19734212255771957,601.2094519741902,2.625,0.0,0.4,3.0661691830976414,0,true
2,2.0,4.0,3.2,0.7,1.75,966.3246109837228,1101.2297717606677,-134.90516077694497,false,377.0375387819263,0.18313325308887432,580.0995722017965,9.1875,0.0,0.4,3.0661691830976414,0,true
2,2.0,4.0,3.2,0.7,2.0,884.6894406058551,1101.2297717606677,-216.54033115481263,false,283.2987887819263,0.13760282053978615,562.2906518239288,39.099999999999994,0.0,0.4,2.188715769741539,0,true
2,2.0,4.0,3.2,0.75,0.5,1005.0276157561163,1101.2297717606677,-96.2021560045514,false,402.94316378192616,0.19571603568096638,601.2094519741902,0.875,0.0,0.4,3.0661691830976414,0,true
2,2.0,4.0,3.2,0.75,0.75,1005.4651157561163,1101.2297717606677,-95.7646560045514,false,402.94316378192616,0.19571603568096638,601.2094519741902,1.3125,0.0,0.4,3.0661691830976414,0,true
2,2.0,4.0,3.2,0.75,1.0,1005.9026157561163,1101.2297717606677,-95.3271560045514,false,402.94316378192616,0.19571603568096638,601.2094519741902,1.75,0.0,0.4,3.0661691830976414,0,true
2,2.0,4.0,3.2,0.75,1.25,1006.3401157561163,1101.2297717606677,-94.8896560045514,false,402.94316378192616,0.19571603568096638,601.2094519741902,2.1875,0.0,0.4,3.0661691830976414,0,true
2,2.0,4.0,3.2,0.75,1.5,1006.7776157561163,1101.2297717606677,-94.4521560045514,false,402.94316378192616,0.19571603568096638,601.2094519741902,2.625,0.0,0.4,3.0661691830976414,0,true
2,2.0,4.0,3.2,0.75,1.75,955.6405711984802,1101.2297717606677,-145.58920056218756,false,371.600195031926,0.18049224696434638,574.8528761665542,9.1875,0.0,0.4,3.0661691830976414,0,true
2,2.0,4.0,3.2,0.75,2.0,867.3097758206127,1101.2297717606677,-233.91999594005506,false,271.16582003192616,0.13170964066175198,557.0439557886865,39.099999999999994,0.0,0.4,2.109768401320486,0,true
3,3.0,6.0,4.800000000000001,0.0,0.5,1542.3942068299039,1541.8742068299039,0.5199999999999818,true,592.8182197864774,0.28794143265041133,949.0559870434266,0.52,0.0,0.6000000000000001,4.293978927636276,0,true
3,3.0,6.0,4.800000000000001,0.0,0.75,1542.654206829904,1541.8742068299039,0.7800000000002001,true,592.8182197864774,0.28794143265041133,949.0559870434266,0.78,0.0,0.6000000000000001,4.293978927636276,0,true
3,3.0,6.0,4.800000000000001,0.0,1.0,1542.9142068299038,1541.8742068299039,1.0399999999999636,true,592.8182197864774,0.28794143265041133,949.0559870434266,1.04,0.0,0.6000000000000001,4.293978927636276,0,true
3,3.0,6.0,4.800000000000001,0.0,1.25,1543.174206829904,1541.8742068299039,1.300000000000182,true,592.8182197864774,0.28794143265041133,949.0559870434266,1.3,0.0,0.6000000000000001,4.293978927636276,0,true
3,3.0,6.0,4.800000000000001,0.0,1.5,1543.4342068299038,1541.8742068299039,1.5599999999999454,true,592.8182197864774,0.28794143265041133,949.0559870434266,1.56,0.0,0.6000000000000001,4.293978927636276,0,true
3,3.0,6.0,4.800000000000001,0.0,1.75,1544.4494151632375,1541.8742068299039,2.5752083333336486,true,592.8182197864774,0.28794143265041133,943.68619537676,7.945,0.0,0.6000000000000001,4.293978927636276,0,true
3,3.0,6.0,4.800000000000001,0.0,2.0,1546.757876701699,1541.8742068299039,4.883669871795064,true,592.8182197864774,0.28794143265041133,896.7096569152216,57.23,0.0,0.6000000000000001,4.293978927636276,0,true
3,3.0,6.0,4.800000000000001,0.05,0.5,1540.4355045272723,1541.8742068299039,-1.4387023026315546,false,590.7286885364774,0.28692651340263675,949.0559870434266,0.52,0.13082894736842085,0.6000000000000001,4.293978927636276,1,true
3,3.0,6.0,4.800000000000001,0.05,0.75,1540.6955045272725,1541.8742068299039,-1.1787023026313364,false,590.7286885364774,0.28692651340263675,949.0559870434266,0.78,0.13082894736842085,0.6000000000000001,4.293978927636276,1,true
3,3.0,6.0,4.800000000000001,0.05,1.0,1540.9555045272723,1541.8742068299039,-0.9187023026315728,false,590.7286885364774,0.28692651340263675,949.0559870434266,1.04,0.13082894736842085,0.6000000000000001,4.293978927636276,1,true
3,3.0,6.0,4.800000000000001,0.05,1.25,1541.2155045272725,1541.8742068299039,-0.6587023026313545,false,590.7286885364774,0.28692651340263675,949.0559870434266,1.3,0.13082894736842085,0.6000000000000001,4.293978927636276,1,true
3,3.0,6.0,4.800000000000001,0.05,1.5,1541.4755045272723,1541.8742068299039,-0.398702302631591,false,590.7286885364774,0.28692651340263675,949.0559870434266,1.56,0.13082894736842085,0.6000000000000001,4.293978927636276,1,true
3,3.0,6.0,4.800000000000001,0.05,1.75,1535.1544855753632,1541.8742068299039,-6.719721254540673,false,588.6391572864773,0.285911594154862,938.4394993415176,7.945,0.13082894736842085,0.6000000000000001,4.293978927636276,0,true
3,3.0,6.0,4.800000000000001,0.05,2.0,1523.7264158638247,1541.8742068299039,-18.14779096607913,false,574.9026260364772,0.27923953793972606,891.4629608799792,57.23,0.13082894736842085,0.6000000000000001,4.1755578750046976,0,true
3,3.0,6.0,4.800000000000001,0.1,0.5,1538.4768022246408,1541.8742068299039,-3.397404605263091,false,588.6391572864773,0.285911594154862,949.0559870434266,0.52,0.2616578947368417,0.6000000000000001,4.293978927636276,1,true
3,3.0,6.0,4.800000000000001,0.1,0.75,1538.7368022246405,1541.8742068299039,-3.1374046052633275,false,588.6391572864773,0.285911594154862,949.0559870434266,0.78,0.2616578947368417,0.6000000000000001,4.293978927636276,1,true
3,3.0,6.0,4.800000000000001,0.1,1.0,1538.9968022246408,1541.8742068299039,-2.8774046052631093,false,588.6391572864773,0.285911594154862,949.0559870434266,1.04,0.2616578947368417,0.6000000000000001,4.293978927636276,1,true
3,3.0,6.0,4.800000000000001,0.1,1.25,1539.2568022246405,1541.8742068299039,-2.6174046052633457,false,588.6391572864773,0.285911594154862,949.0559870434266,1.3,0.2616578947368417,0.6000000000000001,4.293978927636276,1,true
3,3.0,6.0,4.800000000000001,0.1,1.5,1539.5168022246407,1541.8742068299039,-2.3574046052631275,false,588.6391572864773,0.285911594154862,949.0559870434266,1.56,0.2616578947368417,0.6000000000000001,4.293978927636276,1,true
3,3.0,6.0,4.800000000000001,0.1,1.75,1531.106252022732,1541.8742068299039,-10.767954807171918,false,584.4600947864774,0.28388175565931273,938.4394993415176,7.945,0.2616578947368417,0.6000000000000001,4.293978927636276,0,true
3,3.0,6.0,4.800000000000001,0.1,2.0,1505.9416510611932,1541.8742068299039,-35.9325557687107,false,556.9870322864772,0.2705376432290409,891.4629608799792,57.23,0.2616578947368417,0.6000000000000001,4.057136822373118,0,true
3,3.0,6.0,4.800000000000001,0.15,0.5,1536.5180999220092,1541.8742068299039,-5.3561069078946275,false,586.5496260364773,0.28489667490708737,949.0559870434266,0.52,0.3924868421052626,0.6000000000000001,4.293978927636276,1,true
3,3.0,6.0,4.800000000000001,0.15,0.75,1536.7780999220092,1541.8742068299039,-5.096106907894637,false,586.5496260364773,0.28489667490708737,949.0559870434266,0.78,0.3924868421052626,0.6000000000000001,4.293978927636276,1,true
3,3.0,6.0,4.800000000000001,0.15,1.0,1537.0380999220092,1541.8742068299039,-4.836106907894646,false,586.5496260364773,0.28489667490708737,949.0559870434266,1.04,0.3924868421052626,0.6000000000000001,4.293978927636276,1,true
3,3.0,6.0,4.800000000000001,0.15,1.25,1537.2980999220092,1541.8742068299039,-4.576106907894655,false,586.5496260364773,0.28489667490708737,949.0559870434266,1.3,0.3924868421052626,0.6000000000000001,4.293978927636276,1,true
3,3.0,6.0,4.800000000000001,0.15,1.5,1537.5580999220092,1541.8742068299039,-4.316106907894664,false,586.5496260364773,0.28489667490708737,949.0559870434266,1.56,0.3924868421052626,0.6000000000000001,4.293978927636276,1,true
3,3.0,6.0,4.800000000000001,0.15,1.75,1527.0580184701003,1541.8742068299039,-14.816188359803618,false,580.2810322864773,0.28185191716376334,938.4394993415176,7.945,0.3924868421052626,0.6000000000000001,4.293978927636276,1,true
3,3.0,6.0,4.800000000000001,0.15,2.0,1488.1568862585618,1541.8742068299039,-53.71732057134204,false,539.0714385364772,0.2618357485183557,891.4629608799792,57.23,0.3924868421052626,0.6000000000000001,3.938715769741539,1,true
3,3.0,6.0,4.800000000000001,0.2,0.5,1534.5593976193777,1541.8742068299039,-7.314809210526164,false,584.4600947864774,0.28388175565931273,949.0559870434266,0.52,0.5233157894736834,0.6000000000000001,4.293978927636276,1,true
3,3.0,6.0,4.800000000000001,0.2,0.75,1534.8193976193777,1541.8742068299039,-7.054809210526173,false,584.4600947864774,0.28388175565931273,949.0559870434266,0.78,0.5233157894736834,0.6000000000000001,4.293978927636276,1,true
3,3.0,6.0,4.800000000000001,0.2,1.0,1535.0793976193777,1541.8742068299039,-6.794809210526182,false,584.4600947864774,0.28388175565931273,949.0559870434266,1.04,0.5233157894736834,0.6000000000000001,4.293978927636276,1,true
3,3.0,6.0,4.800000000000001,0.2,1.25,1535.3393976193777,1541.8742068299039,-6.534809210526191,false,584.4600947864774,0.28388175565931273,949.0559870434266,1.3,0.5233157894736834,0.6000000000000001,4.293978927636276,1,true
3,3.0,6.0,4.800000000000001,0.2,1.5,1535.5993976193777,1541.8742068299039,-6.2748092105262,false,584.4600947864774,0.28388175565931273,949.0559870434266,1.56,0.5233157894736834,0.6000000000000001,4.293978927636276,1,true
3,3.0,6.0,4.800000000000001,0.2,1.75,1523.0097849174686,1541.8742068299039,-18.86442191243532,false,576.1019697864772,0.279822078668214,938.4394993415176,7.945,0.5233157894736834,0.6000000000000001,4.293978927636276,1,true
3,3.0,6.0,4.800000000000001,0.2,2.0,1470.37212145593,1541.8742068299039,-71.50208537397384,false,521.1558447864772,0.25313385380767056,891.4629608799792,57.23,0.5233157894736834,0.6000000000000001,3.82029471710996,1,true
3,3.0,6.0,4.800000000000001,0.25,0.5,1532.600695316746,1541.8742068299039,-9.273511513157928,false,582.3705635364772,0.282866836411538,949.0559870434266,0.52,0.6541447368421043,0.6000000000000001,4.293978927636276,1,true
3,3.0,6.0,4.800000000000001,0.25,0.75,1532.860695316746,1541.8742068299039,-9.013511513157937,false,582.3705635364772,0.282866836411538,949.0559870434266,0.78,0.6541447368421043,0.6000000000000001,4.293978927636276,1,true
3,3.0,6.0,4.800000000000001,0.25,1.0,1533.120695316746,1541.8742068299039,-8.753511513157946,false,582.3705635364772,0.282866836411538,949.0559870434266,1.04,0.6541447368421043,0.6000000000000001,4.293978927636276,1,true
3,3.0,6.0,4.800000000000001,0.25,1.25,1533.380695316746,1541.8742068299039,-8.493511513157955,false,582.3705635364772,0.282866836411538,949.0559870434266,1.3,0.6541447368421043,0.6000000000000001,4.293978927636276,1,true
3,3.0,6.0,4.800000000000001,0.25,1.5,1533.640695316746,1541.8742068299039,-8.233511513157964,false,582.3705635364772,0.282866836411538,949.0559870434266,1.56,0.6541447368421043,0.6000000000000001,4.293978927636276,1,true
3,3.0,6.0,4.800000000000001,0.25,1.75,1513.7148553295947,1541.8742068299039,-28.159351500309185,false,571.9229072864773,0.27779224017266474,933.1928033062753,7.945,0.6541447368421043,0.6000000000000001,4.293978927636276,1,true
3,3.0,6.0,4.800000000000001,0.25,2.0,1447.3406606180563,1541.8742068299039,-94.53354621184758,false,503.2402510364773,0.2444319590969854,886.2162648447369,57.23,0.6541447368421043,0.6000000000000001,3.701873664478381,1,true
3,3.0,6.0,4.800000000000001,0.3,0.5,1530.6419930141146,1541.8742068299039,-11.232213815789237,false,580.2810322864775,0.28185191716376345,949.0559870434266,0.52,0.7849736842105252,0.6000000000000001,4.293978927636276,1,true
3,3.0,6.0,4.800000000000001,0.3,0.75,1530.9019930141146,1541.8742068299039,-10.972213815789246,false,580.2810322864775,0.28185191716376345,949.0559870434266,0.78,0.7849736842105252,0.6000000000000001,4.293978927636276,1,true
3,3.0,6.0,4.800000000000001,0.3,1.0,1531.1619930141146,1541.8742068299039,-10.712213815789255,false,580.2810322864775,0.28185191716376345,949.0559870434266,1.04,0.7849736842105252,0.6000000000000001,4.293978927636276,1,true
3,3.0,6.0,4.800000000000001,0.3,1.25,1531.4219930141146,1541.8742068299039,-10.452213815789264,false,580.2810322864775,0.28185191716376345,949.0559870434266,1.3,0.7849736842105252,0.6000000000000001,4.293978927636276,1,true
3,3.0,6.0,4.800000000000001,0.3,1.5,1531.6819930141146,1541.8742068299039,-10.192213815789273,false,580.2810322864775,0.28185191716376345,949.0559870434266,1.56,0.7849736842105252,0.6000000000000001,4.293978927636276,1,true
3,3.0,6.0,4.800000000000001,0.3,1.75,1509.6666217769634,1541.8742068299039,-32.20758505294043,false,567.7438447864774,0.27576240167711547,933.1928033062753,7.945,0.7849736842105252,0.6000000000000001,4.293978927636276,1,true
3,3.0,6.0,4.800000000000001,0.3,2.0,1429.5558958154247,1541.8742068299039,-112.31831101447915,false,485.3246572864773,0.2357300643863002,886.2162648447369,57.23,0.7849736842105252,0.6000000000000001,3.5834526118468024,1,true
3,3.0,6.0,4.800000000000001,0.35,0.5,1528.6832907114829,1541.8742068299039,-13.190916118421,false,578.1915010364773,0.2808369979159887,949.0559870434266,0.52,0.9158026315789459,0.6000000000000001,4.293978927636276,1,true
3,3.0,6.0,4.800000000000001,0.35,0.75,1528.9432907114829,1541.8742068299039,-12.93091611842101,false,578.1915010364773,0.2808369979159887,949.0559870434266,0.78,0.9158026315789459,0.6000000000000001,4.293978927636276,1,true
3,3.0,6.0,4.800000000000001,0.35,1.0,1529.2032907114829,1541.8742068299039,-12.670916118421019,false,578.1915010364773,0.2808369979159887,949.0559870434266,1.04,0.9158026315789459,0.6000000000000001,4.293978927636276,1,true
3,3.0,6.0,4.800000000000001,0.35,1.25,1529.4632907114828,1541.8742068299039,-12.410916118421028,false,578.1915010364773,0.2808369979159887,949.0559870434266,1.3,0.9158026315789459,0.6000000000000001,4.293978927636276,1,true
3,3.0,6.0,4.800000000000001,0.35,1.5,1529.7232907114828,1541.8742068299039,-12.150916118421037,false,578.1915010364773,0.2808369979159887,949.0559870434266,1.56,0.9158026315789459,0.6000000000000001,4.293978927636276,1,true
3,3.0,6.0,4.800000000000001,0.35,1.75,1505.6183882243317,1541.8742068299039,-36.25581860557213,false,563.5647822864773,0.2737325631815661,933.1928033062753,7.945,0.9158026315789459,0.6000000000000001,4.293978927636276,1,true
3,3.0,6.0,4.800000000000001,0.35,2.0,1411.7711310127931,1541.8742068299039,-130.10307581711072,false,467.40906353647733,0.22702816967561504,886.2162648447369,57.23,0.9158026315789459,0.6000000000000001,3.465031559215223,1,true
3,3.0,6.0,4.800000000000001,0.4,0.5,1526.724588408851,1541.8742068299039,-15.149618421052764,false,576.1019697864772,0.279822078668214,949.0559870434266,0.52,1.0466315789473668,0.6000000000000001,4.293978927636276,1,true
3,3.0,6.0,4.800000000000001,0.4,0.75,1526.984588408851,1541.8742068299039,-14.889618421052774,false,576.1019697864772,0.279822078668214,949.0559870434266,0.78,1.0466315789473668,0.6000000000000001,4.293978927636276,1,true
3,3.0,6.0,4.800000000000001,0.4,1.0,1527.244588408851,1541.8742068299039,-14.629618421052783,false,576.1019697864772,0.279822078668214,949.0559870434266,1.04,1.0466315789473668,0.6000000000000001,4.293978927636276,1,true
3,3.0,6.0,4.800000000000001,0.4,1.25,1527.504588408851,1541.8742068299039,-14.369618421052792,false,576.1019697864772,0.279822078668214,949.0559870434266,1.3,1.0466315789473668,0.6000000000000001,4.293978927636276,1,true
3,3.0,6.0,4.800000000000001,0.4,1.5,1527.764588408851,1541.8742068299039,-14.1096184210528,false,576.1019697864772,0.279822078668214,949.0559870434266,1.56,1.0466315789473668,0.6000000000000001,4.293978927636276,1,true
3,3.0,6.0,4.800000000000001,0.4,1.75,1501.5701546717,1541.8742068299039,-40.30405215820383,false,559.3857197864772,0.27170272468601675,933.1928033062753,7.945,1.0466315789473668,0.6000000000000001,4.293978927636276,1,true
3,3.0,6.0,4.800000000000001,0.4,2.0,1339.5993961440072,1541.8742068299039,-202.27481068589668,false,398.0164997203228,0.1933230749710268,881.2162648447369,59.31999999999999,1.0466315789473668,0.6000000000000001,3.346610506583644,2,true
3,3.0,6.0,4.800000000000001,0.45,0.5,1524.76588610622,1541.8742068299039,-17.108320723683846,false,574.0124385364775,0.2788071594204395,949.0559870434266,0.52,1.1774605263157878,0.6000000000000001,4.293978927636276,1,true
3,3.0,6.0,4.800000000000001,0.45,0.75,1525.0258861062198,1541.8742068299039,-16.848320723684083,false,574.0124385364775,0.2788071594204395,949.0559870434266,0.78,1.1774605263157878,0.6000000000000001,4.293978927636276,1,true
3,3.0,6.0,4.800000000000001,0.45,1.0,1525.28588610622,1541.8742068299039,-16.588320723683864,false,574.0124385364775,0.2788071594204395,949.0559870434266,1.04,1.1774605263157878,0.6000000000000001,4.293978927636276,1,true
3,3.0,6.0,4.800000000000001,0.45,1.25,1525.5458861062198,1541.8742068299039,-16.3283207236841,false,574.0124385364775,0.2788071594204395,949.0559870434266,1.3,1.1774605263157878,0.6000000000000001,4.293978927636276,1,true
3,3.0,6.0,4.800000000000001,0.45,1.5,1525.80588610622,1541.8742068299039,-16.068320723683883,false,574.0124385364775,0.2788071594204395,949.0559870434266,1.56,1.1774605263157878,0.6000000000000001,4.293978927636276,1,true
3,3.0,6.0,4.800000000000001,0.45,1.75,1497.5219211190686,1541.8742068299039,-44.352285710835304,false,555.2066572864774,0.2696728861904675,933.1928033062753,7.945,1.1774605263157878,0.6000000000000001,4.293978927636276,1,true
3,3.0,6.0,4.800000000000001,0.45,2.0,1315.6848813413753,1541.8742068299039,-226.18932548852854,false,386.0611559703227,0.1875161704389038,871.2162648447369,57.23,1.1774605263157878,0.6000000000000001,3.2281894539520652,1,true
3,3.0,6.0,4.800000000000001,0.5,0.5,1522.807183803588,1541.8742068299039,-19.067023026315837,false,571.9229072864773,0.27779224017266474,949.0559870434266,0.52,1.3082894736842086,0.6000000000000001,4.293978927636276,1,true
3,3.0,6.0,4.800000000000001,0.5,0.75,1523.0671838035883,1541.8742068299039,-18.80702302631562,false,571.9229072864773,0.27779224017266474,949.0559870434266,0.78,1.3082894736842086,0.6000000000000001,4.293978927636276,1,true
3,3.0,6.0,4.800000000000001,0.5,1.0,1523.327183803588,1541.8742068299039,-18.547023026315856,false,571.9229072864773,0.27779224017266474,949.0559870434266,1.04,1.3082894736842086,0.6000000000000001,4.293978927636276,1,true
3,3.0,6.0,4.800000000000001,0.5,1.25,1523.5871838035882,1541.8742068299039,-18.287023026315637,false,571.9229072864773,0.27779224017266474,949.0559870434266,1.3,1.3082894736842086,0.6000000000000001,4.293978927636276,1,true
3,3.0,6.0,4.800000000000001,0.5,1.5,1523.847183803588,1541.8742068299039,-18.027023026315874,false,571.9229072864773,0.27779224017266474,949.0559870434266,1.56,1.3082894736842086,0.6000000000000001,4.293978927636276,1,true
3,3.0,6.0,4.800000000000001,0.5,1.75,1505.9940145575104,1541.8742068299039,-35.880192272393515,false,571.9229072864773,0.27779224017266474,927.946107271033,6.125,0.0,0.6000000000000001,4.293978927636276,0,true
3,3.0,6.0,4.800000000000001,0.5,2.0,1304.5065450914208,1541.8742068299039,-237.3676617384831,false,383.3869762819263,0.1862172779539211,865.9695688094946,55.15,0.0,0.6000000000000001,3.109768401320486,0,true
3,3.0,6.0,4.800000000000001,0.55,0.5,1520.8484815009565,1541.8742068299039,-21.025725328947374,false,569.8333760364774,0.2767773209248901,949.0559870434266,0.52,1.4391184210526295,0.6000000000000001,4.293978927636276,1,true
3,3.0,6.0,4.800000000000001,0.55,0.75,1521.1084815009567,1541.8742068299039,-20.765725328947156,false,569.8333760364774,0.2767773209248901,949.0559870434266,0.78,1.4391184210526295,0.6000000000000001,4.293978927636276,1,true
3,3.0,6.0,4.800000000000001,0.55,1.0,1521.3684815009565,1541.8742068299039,-20.505725328947392,false,569.8333760364774,0.2767773209248901,949.0559870434266,1.04,1.4391184210526295,0.6000000000000001,4.293978927636276,1,true
3,3.0,6.0,4.800000000000001,0.55,1.25,1521.6284815009567,1541.8742068299039,-20.245725328947174,false,569.8333760364774,0.2767773209248901,949.0559870434266,1.3,1.4391184210526295,0.6000000000000001,4.293978927636276,1,true
3,3.0,6.0,4.800000000000001,0.55,1.5,1521.8884815009565,1541.8742068299039,-19.98572532894741,false,569.8333760364774,0.2767773209248901,949.0559870434266,1.56,1.4391184210526295,0.6000000000000001,4.293978927636276,1,true
3,3.0,6.0,4.800000000000001,0.55,1.75,1503.9044833075104,1541.8742068299039,-37.96972352239345,false,569.8333760364774,0.2767773209248901,927.946107271033,6.125,0.0,0.6000000000000001,4.293978927636276,0,true
3,3.0,6.0,4.800000000000001,0.55,2.0,1287.3518575914209,1541.8742068299039,-254.522349238483,false,366.2322887819264,0.1778849677607573,865.9695688094946,55.15,0.0,0.6000000000000001,3.0,0,true
3,3.0,6.0,4.800000000000001,0.6,0.5,1518.889779198325,1541.8742068299039,-22.98442763157891,false,567.7438447864774,0.27576240167711547,949.0559870434266,0.52,1.5699473684210503,0.6000000000000001,4.293978927636276,1,true
3,3.0,6.0,4.800000000000001,0.6,0.75,1519.1497791983252,1541.8742068299039,-22.724427631578692,false,567.7438447864774,0.27576240167711547,949.0559870434266,0.78,1.5699473684210503,0.6000000000000001,4.293978927636276,1,true
3,3.0,6.0,4.800000000000001,0.6,1.0,1519.409779198325,1541.8742068299039,-22.46442763157893,false,567.7438447864774,0.27576240167711547,949.0559870434266,1.04,1.5699473684210503,0.6000000000000001,4.293978927636276,1,true
3,3.0,6.0,4.800000000000001,0.6,1.25,1519.6697791983252,1541.8742068299039,-22.20442763157871,false,567.7438447864774,0.27576240167711547,949.0559870434266,1.3,1.5699473684210503,0.6000000000000001,4.293978927636276,1,true
3,3.0,6.0,4.800000000000001,0.6,1.5,1519.929779198325,1541.8742068299039,-21.944427631578947,false,567.7438447864774,0.27576240167711547,949.0559870434266,1.56,1.5699473684210503,0.6000000000000001,4.293978927636276,1,true
3,3.0,6.0,4.800000000000001,0.6,1.75,1501.8149520575105,1541.8742068299039,-40.05925477239339,false,567.7438447864774,0.27576240167711547,927.946107271033,6.125,0.0,0.6000000000000001,4.293978927636276,0,true
3,3.0,6.0,4.800000000000001,0.6,2.0,1270.197170091421,1541.8742068299039,-271.6770367384829,false,349.0776012819265,0.16955265756759352,865.9695688094946,55.15,0.0,0.6000000000000001,3.0,0,true
3,3.0,6.0,4.800000000000001,0.65,0.5,1516.9310768956934,1541.8742068299039,-24.943129934210447,false,565.6543135364773,0.2747474824293407,949.0559870434266,0.52,1.700776315789471,0.6000000000000001,4.293978927636276,1,true
3,3.0,6.0,4.800000000000001,0.65,0.75,1517.1910768956932,1541.8742068299039,-24.683129934210683,false,565.6543135364773,0.2747474824293407,949.0559870434266,0.78,1.700776315789471,0.6000000000000001,4.293978927636276,1,true
3,3.0,6.0,4.800000000000001,0.65,1.0,1517.4510768956934,1541.8742068299039,-24.423129934210465,false,565.6543135364773,0.2747474824293407,949.0559870434266,1.04,1.700776315789471,0.6000000000000001,4.293978927636276,1,true
3,3.0,6.0,4.800000000000001,0.65,1.25,1517.7110768956932,1541.8742068299039,-24.1631299342107,false,565.6543135364773,0.2747474824293407,949.0559870434266,1.3,1.700776315789471,0.6000000000000001,4.293978927636276,1,true
3,3.0,6.0,4.800000000000001,0.65,1.5,1517.9710768956934,1541.8742068299039,-23.903129934210483,false,565.6543135364773,0.2747474824293407,949.0559870434266,1.56,1.700776315789471,0.6000000000000001,4.293978927636276,1,true
3,3.0,6.0,4.800000000000001,0.65,1.75,1499.7254208075103,1541.8742068299039,-42.14878602239355,false,565.6543135364773,0.2747474824293407,927.946107271033,6.125,0.0,0.6000000000000001,4.293978927636276,0,true
3,3.0,6.0,4.800000000000001,0.65,2.0,1253.0424825914206,1541.8742068299039,-288.8317242384833,false,331.9229137819261,0.1612203473744295,865.9695688094946,55.15,0.0,0.6000000000000001,3.0,0,true
3,3.0,6.0,4.800000000000001,0.7,0.5,1514.9723745930619,1541.8742068299039,-26.901832236841983,false,563.5647822864773,0.2737325631815661,949.0559870434266,0.52,1.8316052631578918,0.6000000000000001,4.293978927636276,1,true
3,3.0,6.0,4.800000000000001,0.7,0.75,1515.2323745930619,1541.8742068299039,-26.641832236841992,false,563.5647822864773,0.2737325631815661,949.0559870434266,0.78,1.8316052631578918,0.6000000000000001,4.293978927636276,1,true
3,3.0,6.0,4.800000000000001,0.7,1.0,1515.4923745930619,1541.8742068299039,-26.381832236842,false,563.5647822864773,0.2737325631815661,949.0559870434266,1.04,1.8316052631578918,0.6000000000000001,4.293978927636276,1,true
3,3.0,6.0,4.800000000000001,0.7,1.25,1515.7523745930619,1541.8742068299039,-26.12183223684201,false,563.5647822864773,0.2737325631815661,949.0559870434266,1.3,1.8316052631578918,0.6000000000000001,4.293978927636276,1,true
3,3.0,6.0,4.800000000000001,0.7,1.5,1516.0123745930618,1541.8742068299039,-25.86183223684202,false,563.5647822864773,0.2737325631815661,949.0559870434266,1.56,1.8316052631578918,0.6000000000000001,4.293978927636276,1,true
3,3.0,6.0,4.800000000000001,0.7,1.75,1449.3198198989203,1541.8742068299039,-92.55438693098358,false,534.3113447864775,0.25952369371272094,906.8359751124428,8.1725,0.0,0.6000000000000001,4.293978927636276,1,true
3,3.0,6.0,4.800000000000001,0.7,2.0,1187.8642254328306,1541.8742068299039,-354.00998139707326,false,285.5147887819262,0.13867916771242045,844.8594366509044,57.489999999999995,0.0,0.6000000000000001,3.0,1,true
3,3.0,6.0,4.800000000000001,0.75,0.5,1513.0136722904303,1541.8742068299039,-28.86053453947352,false,561.4752510364774,0.2727176439337915,949.0559870434266,0.52,1.9624342105263128,0.6000000000000001,4.293978927636276,1,true
3,3.0,6.0,4.800000000000001,0.75,0.75,1513.2736722904303,1541.8742068299039,-28.60053453947353,false,561.4752510364774,0.2727176439337915,949.0559870434266,0.78,1.9624342105263128,0.6000000000000001,4.293978927636276,1,true
3,3.0,6.0,4.800000000000001,0.75,1.0,1513.5336722904303,1541.8742068299039,-28.340534539473538,false,561.4752510364774,0.2727176439337915,949.0559870434266,1.04,1.9624342105263128,0.6000000000000001,4.293978927636276,1,true
3,3.0,6.0,4.800000000000001,0.75,1.25,1513.7936722904303,1541.8742068299039,-28.080534539473547,false,561.4752510364774,0.2727176439337915,949.0559870434266,1.3,1.9624342105263128,0.6000000000000001,4.293978927636276,1,true
3,3.0,6.0,4.800000000000001,0.75,1.5,1514.0536722904303,1541.8742068299039,-27.820534539473556,false,561.4752510364774,0.2727176439337915,949.0559870434266,1.56,1.9624342105263128,0.6000000000000001,4.293978927636276,1,true
3,3.0,6.0,4.800000000000001,0.75,1.75,1444.881804174829,1541.8742068299039,-96.99240265507478,false,529.8733290623863,0.25736807743260703,906.8359751124428,8.1725,0.0,0.6000000000000001,4.293978927636276,2,true
3,3.0,6.0,4.800000000000001,0.75,2.0,1168.3610534587397,1541.8742068299039,-373.5131533711642,false,266.01161680783525,0.1292061604869175,844.8594366509044,57.489999999999995,0.0,0.6000000000000001,3.0,2,true
