Date/Time CET/CEST;Date/Time UTC;MBA;Imbalance Purchase Price [EUR/MWh];Imbalance Sales Price [EUR/MWh];Up Regulation Price [EUR/MWh];Down Regulation Price [EUR/MWh];Imbalance and Spot Price Difference [EUR/MWh];Value of Avoided Activation;Incentivising Component;Dominating Direction of Regulation Power per MBA
24.06.2026/00:00;23.06.2026/22:00;SE4;221,92;221,92;221,92;139,56;82,36;;;1
24.06.2026/00:15;23.06.2026/22:15;SE4;184,98;184,98;184,98;143,25;41,73;;;1
24.06.2026/00:30;23.06.2026/22:30;SE4;193,3;193,3;193,3;140;53,3;;;1
24.06.2026/00:45;23.06.2026/22:45;SE4;180,34;180,34;180,34;140,02;40,32;;;1
24.06.2026/01:00;23.06.2026/23:00;SE4;181,66;181,66;181,66;138,06;43,6;;;1
24.06.2026/01:15;23.06.2026/23:15;SE4;120,18;120,18;136,53;120,18;-16,35;;;-1
24.06.2026/01:30;23.06.2026/23:30;SE4;120,15;120,15;134,13;120,15;-13,98;;;-1
24.06.2026/01:45;23.06.2026/23:45;SE4;50;50;130,91;50;-80,91;;;-1
24.06.2026/02:00;24.06.2026/00:00;SE4;129,52;129,52;129,52;129,52;0;;;1
24.06.2026/02:15;24.06.2026/00:15;SE4;126,83;126,83;126,83;62,66;0;;;1
24.06.2026/02:30;24.06.2026/00:30;SE4;123,8;123,8;123,8;55;0;;;1
24.06.2026/02:45;24.06.2026/00:45;SE4;86,6;86,6;86,6;75,2;0;;;1
24.06.2026/03:00;24.06.2026/01:00;SE4;127,12;127,12;127,12;45;0;;;1
24.06.2026/03:15;24.06.2026/01:15;SE4;36;36;104,62;36;-68,62;;;-1
24.06.2026/03:30;24.06.2026/01:30;SE4;47,01;47,01;71,45;47,01;-24,44;;;-1
24.06.2026/03:45;24.06.2026/01:45;SE4;65,09;65,09;65,09;65,09;0;95,05;-29,96;0
24.06.2026/04:00;24.06.2026/02:00;SE4;164,49;164,49;164,49;59,24;105,25;;;1
24.06.2026/04:15;24.06.2026/02:15;SE4;173,98;173,98;173,98;62,17;111,81;;;1
24.06.2026/04:30;24.06.2026/02:30;SE4;150;150;150;68,72;81,28;;;1
24.06.2026/04:45;24.06.2026/02:45;SE4;72,93;72,93;110;72,93;0;;;-1
24.06.2026/05:00;24.06.2026/03:00;SE4;38;38;70,02;38;-32,02;;;-1
24.06.2026/05:15;24.06.2026/03:15;SE4;46,85;46,85;84,47;46,85;-37,62;;;-1
24.06.2026/05:30;24.06.2026/03:30;SE4;84,47;84,47;84,47;84,47;0;;;-1
24.06.2026/05:45;24.06.2026/03:45;SE4;105,72;105,72;105,72;105,72;0;;;-1
24.06.2026/06:00;24.06.2026/04:00;SE4;70;70;107,96;70;-37,96;;;-1
24.06.2026/06:15;24.06.2026/04:15;SE4;65;65;110,22;65;-45,22;;;-1
24.06.2026/06:30;24.06.2026/04:30;SE4;65;65;112,98;65;-47,98;;;-1
24.06.2026/06:45;24.06.2026/04:45;SE4;67,88;67,88;113,87;67,88;-45,99;;;-1
24.06.2026/07:00;24.06.2026/05:00;SE4;153,12;153,12;153,12;104,8;0;;;1
24.06.2026/07:15;24.06.2026/05:15;SE4;140,5;140,5;143,91;140,5;-3,41;;;-1
24.06.2026/07:30;24.06.2026/05:30;SE4;71,86;71,86;129,32;71,86;-57,46;;;-1
24.06.2026/07:45;24.06.2026/05:45;SE4;115,3;115,3;119;115,3;0;;;-1
24.06.2026/08:00;24.06.2026/06:00;SE4;82;82;153,59;82;-71,59;;;-1
24.06.2026/08:15;24.06.2026/06:15;SE4;121,74;121,74;130;121,74;0;;;-1
24.06.2026/08:30;24.06.2026/06:30;SE4;112,76;112,76;118,46;112,76;0;;;-1
24.06.2026/08:45;24.06.2026/06:45;SE4;105,25;105,25;109,66;105,25;0;;;-1
24.06.2026/09:00;24.06.2026/07:00;SE4;156,56;156,56;156,56;114,28;42,28;;;1
24.06.2026/09:15;24.06.2026/07:15;SE4;128,36;128,36;128,36;107,77;20,59;;;1
24.06.2026/09:30;24.06.2026/07:30;SE4;66;66;101,8;66;-35,8;;;-1
24.06.2026/09:45;24.06.2026/07:45;SE4;68,28;68,28;94,93;68,28;-26,65;;;-1
24.06.2026/10:00;24.06.2026/08:00;SE4;68;68;105,16;68;-37,16;;;-1
24.06.2026/10:15;24.06.2026/08:15;SE4;58;58;97,75;58;-39,75;;;-1
24.06.2026/10:30;24.06.2026/08:30;SE4;53,93;53,93;89,94;53,93;-36,01;;;-1
24.06.2026/10:45;24.06.2026/08:45;SE4;52;52;76,46;52;-24,46;;;-1
24.06.2026/11:00;24.06.2026/09:00;SE4;54,56;54,56;88,83;54,56;-34,27;;;-1
24.06.2026/11:15;24.06.2026/09:15;SE4;53,1;53,1;82,4;53,1;-29,3;;;-1
24.06.2026/11:30;24.06.2026/09:30;SE4;43,14;43,14;73,64;43,14;-30,5;;;-1
24.06.2026/11:45;24.06.2026/09:45;SE4;43,35;43,35;66,3;43,35;-22,95;;;-1
24.06.2026/12:00;24.06.2026/10:00;SE4;52,58;52,58;79,78;52,58;-27,2;;;-1
24.06.2026/12:15;24.06.2026/10:15;SE4;45,19;45,19;69,82;45,19;-24,63;;;-1
24.06.2026/12:30;24.06.2026/10:30;SE4;36,08;36,08;66,41;36,08;-30,33;;;-1
24.06.2026/12:45;24.06.2026/10:45;SE4;33,56;33,56;61,13;33,56;-27,57;;;-1
24.06.2026/13:00;24.06.2026/11:00;SE4;37,41;37,41;69,35;37,41;-31,94;;;-1
24.06.2026/13:15;24.06.2026/11:15;SE4;38;38;66,31;38;-28,31;;;-1
24.06.2026/13:30;24.06.2026/11:30;SE4;65,15;65,15;65,15;65,15;0;;;-1
24.06.2026/13:45;24.06.2026/11:45;SE4;32,67;32,67;63,64;32,67;-30,97;;;-1
24.06.2026/14:00;24.06.2026/12:00;SE4;36,92;36,92;60,84;36,92;-23,92;;;-1
24.06.2026/14:15;24.06.2026/12:15;SE4;65,32;65,32;65,32;65,32;0;;;-1
24.06.2026/14:30;24.06.2026/12:30;SE4;36,67;36,67;68,33;36,67;-31,66;;;-1
24.06.2026/14:45;24.06.2026/12:45;SE4;40,71;40,71;77,16;40,71;-36,45;;;-1
24.06.2026/15:00;24.06.2026/13:00;SE4;32,39;32,39;59,35;32,39;-26,96;;;-1
24.06.2026/15:15;24.06.2026/13:15;SE4;40,66;40,66;77,09;40,66;-36,43;;;-1
24.06.2026/15:30;24.06.2026/13:30;SE4;46,67;46,67;77,47;46,67;-30,8;;;-1
24.06.2026/15:45;24.06.2026/13:45;SE4;53,45;53,45;90,45;53,45;-37;;;-1
24.06.2026/16:00;24.06.2026/14:00;SE4;61;61;88,84;61;-27,84;;;-1
24.06.2026/16:15;24.06.2026/14:15;SE4;59,76;59,76;93,73;59,76;-33,97;;;-1
24.06.2026/16:30;24.06.2026/14:30;SE4;57,37;57,37;97,6;57,37;-40,23;;;-1
24.06.2026/16:45;24.06.2026/14:45;SE4;65;65;104,89;65;-39,89;;;-1
24.06.2026/17:00;24.06.2026/15:00;SE4;96,22;96,22;98,14;96,22;-1,92;;;-1
24.06.2026/17:15;24.06.2026/15:15;SE4;108,45;108,45;108,45;103,15;0;;;1
24.06.2026/17:30;24.06.2026/15:30;SE4;65;65;113,72;65;-48,72;;;-1
24.06.2026/17:45;24.06.2026/15:45;SE4;68;68;121,16;68;-53,16;;;-1
24.06.2026/18:00;24.06.2026/16:00;SE4;116,87;116,87;116,87;116,87;0;;;-1
24.06.2026/18:15;24.06.2026/16:15;SE4;65;65;134,15;65;-69,15;;;-1
24.06.2026/18:30;24.06.2026/16:30;SE4;152,62;152,62;152,62;140;0;;;1
24.06.2026/18:45;24.06.2026/16:45;SE4;78,38;78,38;210,24;78,38;-131,86;;;-1
24.06.2026/19:00;24.06.2026/17:00;SE4;218,66;218,66;218,66;190,08;28,58;;;1
24.06.2026/19:15;24.06.2026/17:15;SE4;238,11;238,11;238,11;116,12;0;;;1
24.06.2026/19:30;24.06.2026/17:30;SE4;267,74;267,74;267,74;266,74;1;;;1
24.06.2026/19:45;24.06.2026/17:45;SE4;367,91;367,91;367,91;366,91;1;;;1
24.06.2026/20:00;24.06.2026/18:00;SE4;293,83;293,83;293,83;250,16;43,67;;;1
24.06.2026/20:15;24.06.2026/18:15;SE4;295,72;295,72;295,72;250,09;45,63;;;1
24.06.2026/20:30;24.06.2026/18:30;SE4;266,82;266,82;266,82;250,06;16,76;;;1
24.06.2026/20:45;24.06.2026/18:45;SE4;440,08;440,08;440,08;264,39;175,69;;;1
24.06.2026/21:00;24.06.2026/19:00;SE4;600,25;600,25;600,25;298,19;302,06;;;1
24.06.2026/21:15;24.06.2026/19:15;SE4;392,76;392,76;392,76;258,56;134,2;;;1
24.06.2026/21:30;24.06.2026/19:30;SE4;287,97;287,97;287,97;249,79;38,18;;;1
24.06.2026/21:45;24.06.2026/19:45;SE4;268,16;268,16;268,16;238,16;30;;;1
24.06.2026/22:00;24.06.2026/20:00;SE4;344,25;344,25;344,25;343,25;1;;;1
24.06.2026/22:15;24.06.2026/20:15;SE4;291,43;291,43;291,43;290,43;1;;;1
24.06.2026/22:30;24.06.2026/20:30;SE4;55;55;219,05;55;-164,05;;;-1
24.06.2026/22:45;24.06.2026/20:45;SE4;36;36;187,08;36;-151,08;;;-1
24.06.2026/23:00;24.06.2026/21:00;SE4;258,61;258,61;258,61;180,97;77,64;;;1
24.06.2026/23:15;24.06.2026/21:15;SE4;36;36;156,03;36;-120,03;;;-1
24.06.2026/23:30;24.06.2026/21:30;SE4;9;9;158,61;9;-149,61;;;-1
24.06.2026/23:45;24.06.2026/21:45;SE4;31;31;162,89;31;-131,89;;;-1
24.06.2026/00:00;23.06.2026/22:00;SE1;33;33;55,03;33;-22,03;;;-1
24.06.2026/00:15;23.06.2026/22:15;SE1;35;35;54,44;35;-19,44;;;-1
24.06.2026/00:30;23.06.2026/22:30;SE1;34,6;34,6;48,14;34,6;-13,54;;;-1
24.06.2026/00:45;23.06.2026/22:45;SE1;25,7;25,7;45,11;25,7;-19,41;;;-1
24.06.2026/01:00;23.06.2026/23:00;SE1;33;33;45,08;33;-12,08;;;-1
24.06.2026/01:15;23.06.2026/23:15;SE1;25,7;25,7;48,14;25,7;-22,44;;;-1
24.06.2026/01:30;23.06.2026/23:30;SE1;30,62;30,62;51,78;30,62;-21,16;;;-1
24.06.2026/01:45;23.06.2026/23:45;SE1;27,01;27,01;56,99;27,01;-29,98;;;-1
24.06.2026/02:00;24.06.2026/00:00;SE1;66,35;66,35;66,35;51,34;15,01;;;1
24.06.2026/02:15;24.06.2026/00:15;SE1;62,66;62,66;62,66;54,59;8,07;;;1
24.06.2026/02:30;24.06.2026/00:30;SE1;59,52;59,52;59,52;55;0;;;1
24.06.2026/02:45;24.06.2026/00:45;SE1;75,2;75,2;75,2;60,89;14,31;;;1
24.06.2026/03:00;24.06.2026/01:00;SE1;46;46;46;45;0;;;1
24.06.2026/03:15;24.06.2026/01:15;SE1;36;36;49,2;36;-13,2;;;-1
24.06.2026/03:30;24.06.2026/01:30;SE1;47,01;47,01;51,66;47,01;-4,65;;;-1
24.06.2026/03:45;24.06.2026/01:45;SE1;83,16;83,16;83,16;58,12;25,04;;;1
24.06.2026/04:00;24.06.2026/02:00;SE1;95,06;95,06;95,06;51,77;43,29;;;1
24.06.2026/04:15;24.06.2026/02:15;SE1;72;72;72;54,82;17,18;;;1
24.06.2026/04:30;24.06.2026/02:30;SE1;57,12;57,12;61,57;57,12;-4,45;;;-1
24.06.2026/04:45;24.06.2026/02:45;SE1;52,37;52,37;65,92;52,37;-13,55;;;-1
24.06.2026/05:00;24.06.2026/03:00;SE1;38;38;63,34;38;-25,34;;;-1
24.06.2026/05:15;24.06.2026/03:15;SE1;46,85;46,85;78,24;46,85;-31,39;;;-1
24.06.2026/05:30;24.06.2026/03:30;SE1;46,86;46,86;78,24;46,86;-31,38;;;-1
24.06.2026/05:45;24.06.2026/03:45;SE1;59,9;59,9;100,13;59,9;-40,23;;;-1
24.06.2026/06:00;24.06.2026/04:00;SE1;70;70;102,18;70;-32,18;;;-1
24.06.2026/06:15;24.06.2026/04:15;SE1;65;65;104,43;65;-39,43;;;-1
24.06.2026/06:30;24.06.2026/04:30;SE1;65;65;107,32;65;-42,32;;;-1
24.06.2026/06:45;24.06.2026/04:45;SE1;67,88;67,88;108,14;67,88;-40,26;;;-1
24.06.2026/07:00;24.06.2026/05:00;SE1;144,07;144,07;144,07;104,8;0;;;1
24.06.2026/07:15;24.06.2026/05:15;SE1;135,71;135,71;135,71;127,99;0;;;1
24.06.2026/07:30;24.06.2026/05:30;SE1;71,86;71,86;122,5;71,86;-50,64;;;-1
24.06.2026/07:45;24.06.2026/05:45;SE1;66;66;109,67;66;-43,67;;;-1
24.06.2026/08:00;24.06.2026/06:00;SE1;82;82;144,71;82;-62,71;;;-1
24.06.2026/08:15;24.06.2026/06:15;SE1;115,84;115,84;115,84;100,07;0;;;1
24.06.2026/08:30;24.06.2026/06:30;SE1;72,79;72,79;107,67;72,79;-34,88;;;-1
24.06.2026/08:45;24.06.2026/06:45;SE1;71,4;71,4;100,93;71,4;-29,53;;;-1
24.06.2026/09:00;24.06.2026/07:00;SE1;69;69;109,16;69;-40,16;;;-1
24.06.2026/09:15;24.06.2026/07:15;SE1;67;67;103,22;67;-36,22;;;-1
24.06.2026/09:30;24.06.2026/07:30;SE1;66;66;97,77;66;-31,77;;;-1
24.06.2026/09:45;24.06.2026/07:45;SE1;68,28;68,28;91,36;68,28;-23,08;;;-1
24.06.2026/10:00;24.06.2026/08:00;SE1;68;68;100,9;68;-32,9;;;-1
24.06.2026/10:15;24.06.2026/08:15;SE1;58;58;93,97;58;-35,97;;;-1
24.06.2026/10:30;24.06.2026/08:30;SE1;53,93;53,93;86,78;53,93;-32,85;;;-1
24.06.2026/10:45;24.06.2026/08:45;SE1;52;52;74,55;52;-22,55;;;-1
24.06.2026/11:00;24.06.2026/09:00;SE1;54,56;54,56;85,84;54,56;-31,28;;;-1
24.06.2026/11:15;24.06.2026/09:15;SE1;53,1;53,1;79,84;53,1;-26,74;;;-1
24.06.2026/11:30;24.06.2026/09:30;SE1;43,14;43,14;71,93;43,14;-28,79;;;-1
24.06.2026/11:45;24.06.2026/09:45;SE1;43,35;43,35;65,24;43,35;-21,89;;;-1
24.06.2026/12:00;24.06.2026/10:00;SE1;52,58;52,58;77,52;52,58;-24,94;;;-1
24.06.2026/12:15;24.06.2026/10:15;SE1;45,19;45,19;68,59;45,19;-23,4;;;-1
24.06.2026/12:30;24.06.2026/10:30;SE1;36,08;36,08;65,34;36,08;-29,26;;;-1
24.06.2026/12:45;24.06.2026/10:45;SE1;33,56;33,56;60,45;33,56;-26,89;;;-1
24.06.2026/13:00;24.06.2026/11:00;SE1;37,41;37,41;68;37,41;-30,59;;;-1
24.06.2026/13:15;24.06.2026/11:15;SE1;38;38;65,21;38;-27,21;;;-1
24.06.2026/13:30;24.06.2026/11:30;SE1;39,14;39,14;64,11;39,14;-24,97;;;-1
24.06.2026/13:45;24.06.2026/11:45;SE1;32,67;32,67;62,66;32,67;-29,99;;;-1
24.06.2026/14:00;24.06.2026/12:00;SE1;36,92;36,92;59,99;36,92;-23,07;;;-1
24.06.2026/14:15;24.06.2026/12:15;SE1;35,28;35,28;64,11;35,28;-28,83;;;-1
24.06.2026/14:30;24.06.2026/12:30;SE1;36,67;36,67;66,87;36,67;-30,2;;;-1
24.06.2026/14:45;24.06.2026/12:45;SE1;40,71;40,71;74,9;40,71;-34,19;;;-1
24.06.2026/15:00;24.06.2026/13:00;SE1;32,39;32,39;58,56;32,39;-26,17;;;-1
24.06.2026/15:15;24.06.2026/13:15;SE1;40,66;40,66;74,82;40,66;-34,16;;;-1
24.06.2026/15:30;24.06.2026/13:30;SE1;46,67;46,67;74,2;46,67;-27,53;;;-1
24.06.2026/15:45;24.06.2026/13:45;SE1;53,45;53,45;86,66;53,45;-33,21;;;-1
24.06.2026/16:00;24.06.2026/14:00;SE1;61;61;85,33;61;-24,33;;;-1
24.06.2026/16:15;24.06.2026/14:15;SE1;59,76;59,76;89,74;59,76;-29,98;;;-1
24.06.2026/16:30;24.06.2026/14:30;SE1;57,37;57,37;93,25;57,37;-35,88;;;-1
24.06.2026/16:45;24.06.2026/14:45;SE1;65;65;99,84;65;-34,84;;;-1
24.06.2026/17:00;24.06.2026/15:00;SE1;63,6;63,6;87,52;63,6;-23,92;;;-1
24.06.2026/17:15;24.06.2026/15:15;SE1;103,15;103,15;103,15;103,05;0,1;;;1
24.06.2026/17:30;24.06.2026/15:30;SE1;65;65;107,8;65;-42,8;;;-1
24.06.2026/17:45;24.06.2026/15:45;SE1;68;68;114,55;68;-46,55;;;-1
24.06.2026/18:00;24.06.2026/16:00;SE1;112,47;112,47;112,47;110,25;2,22;;;1
24.06.2026/18:15;24.06.2026/16:15;SE1;65;65;105,88;65;-40,88;;;-1
24.06.2026/18:30;24.06.2026/16:30;SE1;142,56;142,56;142,56;140;0;;;1
24.06.2026/18:45;24.06.2026/16:45;SE1;78,38;78,38;149,95;78,38;-71,57;;;-1
24.06.2026/19:00;24.06.2026/17:00;SE1;121,1;121,1;121,1;113,79;7,31;;;1
24.06.2026/19:15;24.06.2026/17:15;SE1;116,12;116,12;116,12;113,97;2,15;;;1
24.06.2026/19:30;24.06.2026/17:30;SE1;113,98;113,98;113,98;113,98;0;;;1
24.06.2026/19:45;24.06.2026/17:45;SE1;114,07;114,07;114,07;113,97;0,1;;;1
24.06.2026/20:00;24.06.2026/18:00;SE1;57,89;57,89;128,98;57,89;-71,09;;;-1
24.06.2026/20:15;24.06.2026/18:15;SE1;61,63;61,63;110,28;61,63;-48,65;;;-1
24.06.2026/20:30;24.06.2026/18:30;SE1;62,08;62,08;104,4;62,08;-42,32;;;-1
24.06.2026/20:45;24.06.2026/18:45;SE1;36;36;93,28;36;-57,28;;;-1
24.06.2026/21:00;24.06.2026/19:00;SE1;46,2;46,2;111,98;46,2;-65,78;;;-1
24.06.2026/21:15;24.06.2026/19:15;SE1;30;30;108,39;30;-78,39;;;-1
24.06.2026/21:30;24.06.2026/19:30;SE1;40;40;90,11;40;-50,11;;;-1
24.06.2026/21:45;24.06.2026/19:45;SE1;29,62;29,62;73,7;29,62;-44,08;;;-1
24.06.2026/22:00;24.06.2026/20:00;SE1;36;36;81,54;36;-45,54;;;-1
24.06.2026/22:15;24.06.2026/20:15;SE1;35;35;69,3;35;-34,3;;;-1
24.06.2026/22:30;24.06.2026/20:30;SE1;25,49;25,49;61,56;25,49;-36,07;;;-1
24.06.2026/22:45;24.06.2026/20:45;SE1;25;25;49,86;25;-24,86;;;-1
24.06.2026/23:00;24.06.2026/21:00;SE1;-1;-1;58,12;-1;-59,12;;;-1
24.06.2026/23:15;24.06.2026/21:15;SE1;16;16;49,94;16;-33,94;;;-1
24.06.2026/23:30;24.06.2026/21:30;SE1;5;5;45,83;5;-40,83;;;-1
24.06.2026/23:45;24.06.2026/21:45;SE1;0,75;0,75;38,21;0,75;-37,46;;;-1
24.06.2026/00:00;23.06.2026/22:00;SE3;33;33;100,46;33;-67,46;;;-1
24.06.2026/00:15;23.06.2026/22:15;SE3;35;35;102,18;35;-67,18;;;-1
24.06.2026/00:30;23.06.2026/22:30;SE3;34,6;34,6;97,34;34,6;-62,74;;;-1
24.06.2026/00:45;23.06.2026/22:45;SE3;25,7;25,7;95,9;25,7;-70,2;;;-1
24.06.2026/01:00;23.06.2026/23:00;SE3;33;33;95,43;33;-62,43;;;-1
24.06.2026/01:15;23.06.2026/23:15;SE3;25,7;25,7;96,11;25,7;-70,41;;;-1
24.06.2026/01:30;23.06.2026/23:30;SE3;30,62;30,62;96,64;30,62;-66,02;;;-1
24.06.2026/01:45;23.06.2026/23:45;SE3;27,01;27,01;97,42;27,01;-70,41;;;-1
24.06.2026/02:00;24.06.2026/00:00;SE3;94,02;94,02;94,02;94,02;0;;;1
24.06.2026/02:15;24.06.2026/00:15;SE3;94,13;94,13;94,13;62,66;0;;;1
24.06.2026/02:30;24.06.2026/00:30;SE3;94,87;94,87;94,87;55;0;;;1
24.06.2026/02:45;24.06.2026/00:45;SE3;76,19;76,19;76,19;75,2;0;;;1
24.06.2026/03:00;24.06.2026/01:00;SE3;90,15;90,15;90,15;45;0;;;1
24.06.2026/03:15;24.06.2026/01:15;SE3;36;36;79,99;36;-43,99;;;-1
24.06.2026/03:30;24.06.2026/01:30;SE3;47,01;47,01;63,95;47,01;-16,94;;;-1
24.06.2026/03:45;24.06.2026/01:45;SE3;83,16;83,16;83,16;63,71;19,45;;;1
24.06.2026/04:00;24.06.2026/02:00;SE3;95,06;95,06;95,06;57,77;37,29;;;1
24.06.2026/04:15;24.06.2026/02:15;SE3;72;72;72;60,72;11,28;;;1
24.06.2026/04:30;24.06.2026/02:30;SE3;57,12;57,12;67,32;57,12;-10,2;;;-1
24.06.2026/04:45;24.06.2026/02:45;SE3;52,37;52,37;71,57;52,37;-19,2;;;-1
24.06.2026/05:00;24.06.2026/03:00;SE3;38;38;68,66;38;-30,66;;;-1
24.06.2026/05:15;24.06.2026/03:15;SE3;46,85;46,85;83,22;46,85;-36,37;;;-1
24.06.2026/05:30;24.06.2026/03:30;SE3;46,86;46,86;83,22;46,86;-36,36;;;-1
24.06.2026/05:45;24.06.2026/03:45;SE3;59,9;59,9;104,63;59,9;-44,73;;;-1
24.06.2026/06:00;24.06.2026/04:00;SE3;70;70;106,85;70;-36,85;;;-1
24.06.2026/06:15;24.06.2026/04:15;SE3;65;65;109,1;65;-44,1;;;-1
24.06.2026/06:30;24.06.2026/04:30;SE3;65;65;111,89;65;-46,89;;;-1
24.06.2026/06:45;24.06.2026/04:45;SE3;67,88;67,88;112,76;67,88;-44,88;;;-1
24.06.2026/07:00;24.06.2026/05:00;SE3;151,29;151,29;151,29;104,8;0;;;1
24.06.2026/07:15;24.06.2026/05:15;SE3;142,25;142,25;142,25;127,99;0;;;1
24.06.2026/07:30;24.06.2026/05:30;SE3;71,86;71,86;127,94;71,86;-56,08;;;-1
24.06.2026/07:45;24.06.2026/05:45;SE3;66;66;114,17;66;-48,17;;;-1
24.06.2026/08:00;24.06.2026/06:00;SE3;82;82;151,78;82;-69,78;;;-1
24.06.2026/08:15;24.06.2026/06:15;SE3;120,54;120,54;120,54;100,07;0;;;1
24.06.2026/08:30;24.06.2026/06:30;SE3;72,79;72,79;111,72;72,79;-38,93;;;-1
24.06.2026/08:45;24.06.2026/06:45;SE3;71,4;71,4;104,37;71,4;-32,97;;;-1
24.06.2026/09:00;24.06.2026/07:00;SE3;69;69;113,27;69;-44,27;;;-1
24.06.2026/09:15;24.06.2026/07:15;SE3;67;67;106,87;67;-39,87;;;-1
24.06.2026/09:30;24.06.2026/07:30;SE3;66;66;101;66;-35;;;-1
24.06.2026/09:45;24.06.2026/07:45;SE3;68,28;68,28;94,22;68,28;-25,94;;;-1
24.06.2026/10:00;24.06.2026/08:00;SE3;68;68;104,34;68;-36,34;;;-1
24.06.2026/10:15;24.06.2026/08:15;SE3;58;58;97,02;58;-39,02;;;-1
24.06.2026/10:30;24.06.2026/08:30;SE3;53,93;53,93;89,33;53,93;-35,4;;;-1
24.06.2026/10:45;24.06.2026/08:45;SE3;52;52;76,09;52;-24,09;;;-1
24.06.2026/11:00;24.06.2026/09:00;SE3;54,56;54,56;88,26;54,56;-33,7;;;-1
24.06.2026/11:15;24.06.2026/09:15;SE3;53,1;53,1;81,91;53,1;-28,81;;;-1
24.06.2026/11:30;24.06.2026/09:30;SE3;43,14;43,14;73,31;43,14;-30,17;;;-1
24.06.2026/11:45;24.06.2026/09:45;SE3;43,35;43,35;66,09;43,35;-22,74;;;-1
24.06.2026/12:00;24.06.2026/10:00;SE3;52,58;52,58;79,34;52,58;-26,76;;;-1
24.06.2026/12:15;24.06.2026/10:15;SE3;45,19;45,19;69,58;45,19;-24,39;;;-1
24.06.2026/12:30;24.06.2026/10:30;SE3;36,08;36,08;66,21;36,08;-30,13;;;-1
24.06.2026/12:45;24.06.2026/10:45;SE3;33,56;33,56;61;33,56;-27,44;;;-1
24.06.2026/13:00;24.06.2026/11:00;SE3;37,41;37,41;69,09;37,41;-31,68;;;-1
24.06.2026/13:15;24.06.2026/11:15;SE3;38;38;66,1;38;-28,1;;;-1
24.06.2026/13:30;24.06.2026/11:30;SE3;39,14;39,14;64,95;39,14;-25,81;;;-1
24.06.2026/13:45;24.06.2026/11:45;SE3;32,67;32,67;63,45;32,67;-30,78;;;-1
24.06.2026/14:00;24.06.2026/12:00;SE3;36,92;36,92;60,68;36,92;-23,76;;;-1
24.06.2026/14:15;24.06.2026/12:15;SE3;35,28;35,28;65,08;35,28;-29,8;;;-1
24.06.2026/14:30;24.06.2026/12:30;SE3;36,67;36,67;68,04;36,67;-31,37;;;-1
24.06.2026/14:45;24.06.2026/12:45;SE3;40,71;40,71;76,72;40,71;-36,01;;;-1
24.06.2026/15:00;24.06.2026/13:00;SE3;32,39;32,39;59,2;32,39;-26,81;;;-1
24.06.2026/15:15;24.06.2026/13:15;SE3;40,66;40,66;76,65;40,66;-35,99;;;-1
24.06.2026/15:30;24.06.2026/13:30;SE3;46,67;46,67;76,82;46,67;-30,15;;;-1
24.06.2026/15:45;24.06.2026/13:45;SE3;53,45;53,45;89,72;53,45;-36,27;;;-1
24.06.2026/16:00;24.06.2026/14:00;SE3;61;61;88,07;61;-27,07;;;-1
24.06.2026/16:15;24.06.2026/14:15;SE3;59,76;59,76;92,85;59,76;-33,09;;;-1
24.06.2026/16:30;24.06.2026/14:30;SE3;57,37;57,37;96,64;57,37;-39,27;;;-1
24.06.2026/16:45;24.06.2026/14:45;SE3;65;65;103,78;65;-38,78;;;-1
24.06.2026/17:00;24.06.2026/15:00;SE3;95,31;95,31;96,22;95,31;0;;;-1
24.06.2026/17:15;24.06.2026/15:15;SE3;107,21;107,21;107,21;103,15;0;;;1
24.06.2026/17:30;24.06.2026/15:30;SE3;65;65;112,37;65;-47,37;;;-1
24.06.2026/17:45;24.06.2026/15:45;SE3;68;68;119,65;68;-51,65;;;-1
24.06.2026/18:00;24.06.2026/16:00;SE3;115,28;115,28;115,28;115,28;0;;;1
24.06.2026/18:15;24.06.2026/16:15;SE3;65;65;122,06;65;-57,06;;;-1
24.06.2026/18:30;24.06.2026/16:30;SE3;150,2;150,2;150,2;140;0;;;1
24.06.2026/18:45;24.06.2026/16:45;SE3;78,38;78,38;183,94;78,38;-105,56;;;-1
24.06.2026/19:00;24.06.2026/17:00;SE3;218,66;218,66;218,66;155,05;63,61;;;1
24.06.2026/19:15;24.06.2026/17:15;SE3;180,09;180,09;180,09;116,12;0;;;1
24.06.2026/19:30;24.06.2026/17:30;SE3;194,95;194,95;194,95;194,95;0;;;1
24.06.2026/19:45;24.06.2026/17:45;SE3;247,97;247,97;247,97;246,97;1;;;1
24.06.2026/20:00;24.06.2026/18:00;SE3;70;70;193,71;70;-123,71;;;-1
24.06.2026/20:15;24.06.2026/18:15;SE3;72;72;184,18;72;-112,18;;;-1
24.06.2026/20:30;24.06.2026/18:30;SE3;219,35;219,35;219,35;181,17;38,18;;;1
24.06.2026/20:45;24.06.2026/18:45;SE3;99;99;182,93;99;-83,93;;;-1
24.06.2026/21:00;24.06.2026/19:00;SE3;260,13;260,13;260,13;209,88;50,25;;;1
24.06.2026/21:15;24.06.2026/19:15;SE3;229,65;229,65;229,65;187,58;42,07;;;1
24.06.2026/21:30;24.06.2026/19:30;SE3;65;65;173,76;65;-108,76;;;-1
24.06.2026/21:45;24.06.2026/19:45;SE3;65;65;159,42;65;-94,42;;;-1
24.06.2026/22:00;24.06.2026/20:00;SE3;85,64;85,64;218,55;85,64;-132,91;;;-1
24.06.2026/22:15;24.06.2026/20:15;SE3;41;41;184,92;41;-143,92;;;-1
24.06.2026/22:30;24.06.2026/20:30;SE3;55;55;143,86;55;-88,86;;;-1
24.06.2026/22:45;24.06.2026/20:45;SE3;25;25;121,32;25;-96,32;;;-1
24.06.2026/23:00;24.06.2026/21:00;SE3;5;5;122,85;5;-117,85;;;-1
24.06.2026/23:15;24.06.2026/21:15;SE3;25;25;105,67;25;-80,67;;;-1
24.06.2026/23:30;24.06.2026/21:30;SE3;5;5;104,99;5;-99,99;;;-1
24.06.2026/23:45;24.06.2026/21:45;SE3;0,75;0,75;103,46;0,75;-102,71;;;-1
24.06.2026/00:00;23.06.2026/22:00;SE2;33;33;55,15;33;-22,15;;;-1
24.06.2026/00:15;23.06.2026/22:15;SE2;35;35;54,58;35;-19,58;;;-1
24.06.2026/00:30;23.06.2026/22:30;SE2;34,6;34,6;48,09;34,6;-13,49;;;-1
24.06.2026/00:45;23.06.2026/22:45;SE2;25,7;25,7;45;25,7;-19,3;;;-1
24.06.2026/01:00;23.06.2026/23:00;SE2;33;33;44,99;33;-11,99;;;-1
24.06.2026/01:15;23.06.2026/23:15;SE2;25,7;25,7;48,18;25,7;-22,48;;;-1
24.06.2026/01:30;23.06.2026/23:30;SE2;30,62;30,62;52,01;30,62;-21,39;;;-1
24.06.2026/01:45;23.06.2026/23:45;SE2;27,01;27,01;57,39;27,01;-30,38;;;-1
24.06.2026/02:00;24.06.2026/00:00;SE2;66,35;66,35;66,35;51,56;14,79;;;1
24.06.2026/02:15;24.06.2026/00:15;SE2;62,66;62,66;62,66;54,91;7,75;;;1
24.06.2026/02:30;24.06.2026/00:30;SE2;60;60;60;55;0;;;1
24.06.2026/02:45;24.06.2026/00:45;SE2;75,2;75,2;75,2;62,46;12,74;;;1
24.06.2026/03:00;24.06.2026/01:00;SE2;46,1;46,1;46,1;45;0;;;1
24.06.2026/03:15;24.06.2026/01:15;SE2;36;36;50;36;-14;;;-1
24.06.2026/03:30;24.06.2026/01:30;SE2;47,01;47,01;53,46;47,01;-6,45;;;-1
24.06.2026/03:45;24.06.2026/01:45;SE2;83,16;83,16;83,16;60,24;22,92;;;1
24.06.2026/04:00;24.06.2026/02:00;SE2;95,06;95,06;95,06;54;41,06;;;1
24.06.2026/04:15;24.06.2026/02:15;SE2;72;72;72;57,02;14,98;;;1
24.06.2026/04:30;24.06.2026/02:30;SE2;57,12;57,12;63,72;57,12;-6,6;;;-1
24.06.2026/04:45;24.06.2026/02:45;SE2;52,37;52,37;68,04;52,37;-15,67;;;-1
24.06.2026/05:00;24.06.2026/03:00;SE2;38;38;65,21;38;-27,21;;;-1
24.06.2026/05:15;24.06.2026/03:15;SE2;46,85;46,85;80,02;46,85;-33,17;;;-1
24.06.2026/05:30;24.06.2026/03:30;SE2;46,86;46,86;80,02;46,86;-33,16;;;-1
24.06.2026/05:45;24.06.2026/03:45;SE2;59,9;59,9;101,76;59,9;-41,86;;;-1
24.06.2026/06:00;24.06.2026/04:00;SE2;70;70;103,83;70;-33,83;;;-1
24.06.2026/06:15;24.06.2026/04:15;SE2;65;65;106,09;65;-41,09;;;-1
24.06.2026/06:30;24.06.2026/04:30;SE2;65;65;108,93;65;-43,93;;;-1
24.06.2026/06:45;24.06.2026/04:45;SE2;67,88;67,88;109,78;67,88;-41,9;;;-1
24.06.2026/07:00;24.06.2026/05:00;SE2;146,63;146,63;146,63;104,8;0;;;1
24.06.2026/07:15;24.06.2026/05:15;SE2;138,03;138,03;138,03;127,99;0;;;1
24.06.2026/07:30;24.06.2026/05:30;SE2;71,86;71,86;124,43;71,86;-52,57;;;-1
24.06.2026/07:45;24.06.2026/05:45;SE2;66;66;111,27;66;-45,27;;;-1
24.06.2026/08:00;24.06.2026/06:00;SE2;82;82;147,22;82;-65,22;;;-1
24.06.2026/08:15;24.06.2026/06:15;SE2;117,51;117,51;117,51;100,07;0;;;1
24.06.2026/08:30;24.06.2026/06:30;SE2;72,79;72,79;109,11;72,79;-36,32;;;-1
24.06.2026/08:45;24.06.2026/06:45;SE2;71,4;71,4;102,15;71,4;-30,75;;;-1
24.06.2026/09:00;24.06.2026/07:00;SE2;69;69;110,67;69;-41,67;;;-1
24.06.2026/09:15;24.06.2026/07:15;SE2;67;67;104,56;67;-37,56;;;-1
24.06.2026/09:30;24.06.2026/07:30;SE2;66;66;98,95;66;-32,95;;;-1
24.06.2026/09:45;24.06.2026/07:45;SE2;68,28;68,28;92,41;68,28;-24,13;;;-1
24.06.2026/10:00;24.06.2026/08:00;SE2;68;68;102,18;68;-34,18;;;-1
24.06.2026/10:15;24.06.2026/08:15;SE2;58;58;95,11;58;-37,11;;;-1
24.06.2026/10:30;24.06.2026/08:30;SE2;53,93;53,93;87,73;53,93;-33,8;;;-1
24.06.2026/10:45;24.06.2026/08:45;SE2;52;52;75,13;52;-23,13;;;-1
24.06.2026/11:00;24.06.2026/09:00;SE2;54,56;54,56;86,75;54,56;-32,19;;;-1
24.06.2026/11:15;24.06.2026/09:15;SE2;53,1;53,1;80,62;53,1;-27,52;;;-1
24.06.2026/11:30;24.06.2026/09:30;SE2;43,14;43,14;72,45;43,14;-29,31;;;-1
24.06.2026/11:45;24.06.2026/09:45;SE2;43,35;43,35;65,56;43,35;-22,21;;;-1
24.06.2026/12:00;24.06.2026/10:00;SE2;52,58;52,58;78,19;52,58;-25,61;;;-1
24.06.2026/12:15;24.06.2026/10:15;SE2;45,19;45,19;68,96;45,19;-23,77;;;-1
24.06.2026/12:30;24.06.2026/10:30;SE2;36,08;36,08;65,66;36,08;-29,58;;;-1
24.06.2026/12:45;24.06.2026/10:45;SE2;33,56;33,56;60,66;33,56;-27,1;;;-1
24.06.2026/13:00;24.06.2026/11:00;SE2;37,41;37,41;68,41;37,41;-31;;;-1
24.06.2026/13:15;24.06.2026/11:15;SE2;38;38;65,55;38;-27,55;;;-1
24.06.2026/13:30;24.06.2026/11:30;SE2;39,14;39,14;64,43;39,14;-25,29;;;-1
24.06.2026/13:45;24.06.2026/11:45;SE2;32,67;32,67;62,96;32,67;-30,29;;;-1
24.06.2026/14:00;24.06.2026/12:00;SE2;36,92;36,92;60,26;36,92;-23,34;;;-1
24.06.2026/14:15;24.06.2026/12:15;SE2;35,28;35,28;64,48;35,28;-29,2;;;-1
24.06.2026/14:30;24.06.2026/12:30;SE2;36,67;36,67;67,32;36,67;-30,65;;;-1
24.06.2026/14:45;24.06.2026/12:45;SE2;40,71;40,71;75,6;40,71;-34,89;;;-1
24.06.2026/15:00;24.06.2026/13:00;SE2;32,39;32,39;58,81;32,39;-26,42;;;-1
24.06.2026/15:15;24.06.2026/13:15;SE2;40,66;40,66;75,53;40,66;-34,87;;;-1
24.06.2026/15:30;24.06.2026/13:30;SE2;46,67;46,67;75,19;46,67;-28,52;;;-1
24.06.2026/15:45;24.06.2026/13:45;SE2;53,45;53,45;87,83;53,45;-34,38;;;-1
24.06.2026/16:00;24.06.2026/14:00;SE2;61;61;86,27;61;-25,27;;;-1
24.06.2026/16:15;24.06.2026/14:15;SE2;59,76;59,76;90,81;59,76;-31,05;;;-1
24.06.2026/16:30;24.06.2026/14:30;SE2;57,37;57,37;94,42;57,37;-37,05;;;-1
24.06.2026/16:45;24.06.2026/14:45;SE2;65;65;101,2;65;-36,2;;;-1
24.06.2026/17:00;24.06.2026/15:00;SE2;63,6;63,6;88,64;63,6;-25,04;;;-1
24.06.2026/17:15;24.06.2026/15:15;SE2;104,32;104,32;104,32;103,15;0;;;1
24.06.2026/17:30;24.06.2026/15:30;SE2;65;65;109,19;65;-44,19;;;-1
24.06.2026/17:45;24.06.2026/15:45;SE2;68;68;116,1;68;-48,1;;;-1
24.06.2026/18:00;24.06.2026/16:00;SE2;112,47;112,47;112,47;111,79;0,68;;;1
24.06.2026/18:15;24.06.2026/16:15;SE2;65;65;107,31;65;-42,31;;;-1
24.06.2026/18:30;24.06.2026/16:30;SE2;144,9;144,9;144,9;140;0;;;1
24.06.2026/18:45;24.06.2026/16:45;SE2;78,38;78,38;152,52;78,38;-74,14;;;-1
24.06.2026/19:00;24.06.2026/17:00;SE2;121,1;121,1;121,1;115,42;5,68;;;1
24.06.2026/19:15;24.06.2026/17:15;SE2;116,12;116,12;116,12;115,63;0,49;;;1
24.06.2026/19:30;24.06.2026/17:30;SE2;115,64;115,64;115,64;115,64;0;;;1
24.06.2026/19:45;24.06.2026/17:45;SE2;115,68;115,68;115,68;115,68;0;;;1
24.06.2026/20:00;24.06.2026/18:00;SE2;57,89;57,89;131,13;57,89;-73,24;;;-1
24.06.2026/20:15;24.06.2026/18:15;SE2;61,63;61,63;111,97;61,63;-50,34;;;-1
24.06.2026/20:30;24.06.2026/18:30;SE2;62,08;62,08;105,94;62,08;-43,86;;;-1
24.06.2026/20:45;24.06.2026/18:45;SE2;36;36;94,56;36;-58,56;;;-1
24.06.2026/21:00;24.06.2026/19:00;SE2;46,2;46,2;113,72;46,2;-67,52;;;-1
24.06.2026/21:15;24.06.2026/19:15;SE2;30;30;110,04;30;-80,04;;;-1
24.06.2026/21:30;24.06.2026/19:30;SE2;40;40;91,31;40;-51,31;;;-1
24.06.2026/21:45;24.06.2026/19:45;SE2;29,62;29,62;74,49;29,62;-44,87;;;-1
24.06.2026/22:00;24.06.2026/20:00;SE2;36;36;82,55;36;-46,55;;;-1
24.06.2026/22:15;24.06.2026/20:15;SE2;35;35;70;35;-35;;;-1
24.06.2026/22:30;24.06.2026/20:30;SE2;25,49;25,49;62,01;25,49;-36,52;;;-1
24.06.2026/22:45;24.06.2026/20:45;SE2;25;25;49,99;25;-24,99;;;-1
24.06.2026/23:00;24.06.2026/21:00;SE2;-1;-1;58,4;-1;-59,4;;;-1
24.06.2026/23:15;24.06.2026/21:15;SE2;16;16;50;16;-34;;;-1
24.06.2026/23:30;24.06.2026/21:30;SE2;5;5;45,8;5;-40,8;;;-1
24.06.2026/23:45;24.06.2026/21:45;SE2;0,75;0,75;38,01;0,75;-37,26;;;-1