_id,start_time_sweden,start_time_utc,bidding_zone,price,price_unit
1233853,2026-06-24T23:45:00,2026-06-24T21:45:00,SE4,162.89,EUR-MWh
1232802,2026-06-24T23:45:00,2026-06-24T21:45:00,SE3,103.46,EUR-MWh
1232422,2026-06-24T23:45:00,2026-06-24T21:45:00,SE1,38.21,EUR-MWh
1233476,2026-06-24T23:45:00,2026-06-24T21:45:00,SE2,38.01,EUR-MWh
1233726,2026-06-24T23:30:00,2026-06-24T21:30:00,SE4,158.61,EUR-MWh
1232631,2026-06-24T23:30:00,2026-06-24T21:30:00,SE3,104.99,EUR-MWh
1232758,2026-06-24T23:30:00,2026-06-24T21:30:00,SE2,45.8,EUR-MWh
1232894,2026-06-24T23:30:00,2026-06-24T21:30:00,SE1,45.83,EUR-MWh
1233543,2026-06-24T23:15:00,2026-06-24T21:15:00,SE4,156.03,EUR-MWh
1232462,2026-06-24T23:15:00,2026-06-24T21:15:00,SE1,49.94,EUR-MWh
1232553,2026-06-24T23:15:00,2026-06-24T21:15:00,SE2,50.0,EUR-MWh
1232982,2026-06-24T23:15:00,2026-06-24T21:15:00,SE3,105.67,EUR-MWh
1233425,2026-06-24T23:00:00,2026-06-24T21:00:00,SE2,58.4,EUR-MWh
1233939,2026-06-24T23:00:00,2026-06-24T21:00:00,SE1,58.12,EUR-MWh
1233016,2026-06-24T23:00:00,2026-06-24T21:00:00,SE4,180.97,EUR-MWh
1233053,2026-06-24T23:00:00,2026-06-24T21:00:00,SE3,122.85,EUR-MWh
1233200,2026-06-24T22:45:00,2026-06-24T20:45:00,SE2,49.99,EUR-MWh
1232566,2026-06-24T22:45:00,2026-06-24T20:45:00,SE3,121.32,EUR-MWh
1232983,2026-06-24T22:45:00,2026-06-24T20:45:00,SE4,187.08,EUR-MWh
1232949,2026-06-24T22:45:00,2026-06-24T20:45:00,SE1,49.86,EUR-MWh
1233193,2026-06-24T22:30:00,2026-06-24T20:30:00,SE4,219.05,EUR-MWh
1233850,2026-06-24T22:30:00,2026-06-24T20:30:00,SE1,61.56,EUR-MWh
1232728,2026-06-24T22:30:00,2026-06-24T20:30:00,SE3,143.86,EUR-MWh
1232939,2026-06-24T22:30:00,2026-06-24T20:30:00,SE2,62.01,EUR-MWh
1232559,2026-06-24T22:15:00,2026-06-24T20:15:00,SE1,69.3,EUR-MWh
1233426,2026-06-24T22:15:00,2026-06-24T20:15:00,SE2,70.0,EUR-MWh
1233139,2026-06-24T22:15:00,2026-06-24T20:15:00,SE4,290.43,EUR-MWh
1232546,2026-06-24T22:15:00,2026-06-24T20:15:00,SE3,184.92,EUR-MWh
1233559,2026-06-24T22:00:00,2026-06-24T20:00:00,SE1,81.54,EUR-MWh
1233382,2026-06-24T22:00:00,2026-06-24T20:00:00,SE3,218.55,EUR-MWh
1232530,2026-06-24T22:00:00,2026-06-24T20:00:00,SE4,343.25,EUR-MWh
1232711,2026-06-24T22:00:00,2026-06-24T20:00:00,SE2,82.55,EUR-MWh
1233494,2026-06-24T21:45:00,2026-06-24T19:45:00,SE2,74.49,EUR-MWh
1232484,2026-06-24T21:45:00,2026-06-24T19:45:00,SE3,159.42,EUR-MWh
1232746,2026-06-24T21:45:00,2026-06-24T19:45:00,SE1,73.7,EUR-MWh
1232617,2026-06-24T21:45:00,2026-06-24T19:45:00,SE4,238.16,EUR-MWh
1233511,2026-06-24T21:30:00,2026-06-24T19:30:00,SE4,249.79,EUR-MWh
1232825,2026-06-24T21:30:00,2026-06-24T19:30:00,SE3,173.76,EUR-MWh
1233472,2026-06-24T21:30:00,2026-06-24T19:30:00,SE2,91.31,EUR-MWh
1232786,2026-06-24T21:30:00,2026-06-24T19:30:00,SE1,90.11,EUR-MWh
1232774,2026-06-24T21:15:00,2026-06-24T19:15:00,SE3,187.58,EUR-MWh
1233480,2026-06-24T21:15:00,2026-06-24T19:15:00,SE2,110.04,EUR-MWh
1233072,2026-06-24T21:15:00,2026-06-24T19:15:00,SE1,108.39,EUR-MWh
1233599,2026-06-24T21:15:00,2026-06-24T19:15:00,SE4,258.56,EUR-MWh
1233281,2026-06-24T21:00:00,2026-06-24T19:00:00,SE2,113.72,EUR-MWh
1232560,2026-06-24T21:00:00,2026-06-24T19:00:00,SE3,209.88,EUR-MWh
1233548,2026-06-24T21:00:00,2026-06-24T19:00:00,SE4,298.19,EUR-MWh
1232909,2026-06-24T21:00:00,2026-06-24T19:00:00,SE1,111.98,EUR-MWh
1232922,2026-06-24T20:45:00,2026-06-24T18:45:00,SE3,182.93,EUR-MWh
1233518,2026-06-24T20:45:00,2026-06-24T18:45:00,SE2,94.56,EUR-MWh
1233259,2026-06-24T20:45:00,2026-06-24T18:45:00,SE1,93.28,EUR-MWh
1232429,2026-06-24T20:45:00,2026-06-24T18:45:00,SE4,264.39,EUR-MWh
1233478,2026-06-24T20:30:00,2026-06-24T18:30:00,SE3,181.17,EUR-MWh
1232445,2026-06-24T20:30:00,2026-06-24T18:30:00,SE2,105.94,EUR-MWh
1233754,2026-06-24T20:30:00,2026-06-24T18:30:00,SE4,250.06,EUR-MWh
1232480,2026-06-24T20:30:00,2026-06-24T18:30:00,SE1,104.4,EUR-MWh
1233297,2026-06-24T20:15:00,2026-06-24T18:15:00,SE4,250.09,EUR-MWh
1233079,2026-06-24T20:15:00,2026-06-24T18:15:00,SE1,110.28,EUR-MWh
1232423,2026-06-24T20:15:00,2026-06-24T18:15:00,SE3,184.18,EUR-MWh
1232690,2026-06-24T20:15:00,2026-06-24T18:15:00,SE2,111.97,EUR-MWh
1233055,2026-06-24T20:00:00,2026-06-24T18:00:00,SE4,250.16,EUR-MWh
1232918,2026-06-24T20:00:00,2026-06-24T18:00:00,SE3,193.71,EUR-MWh
1233153,2026-06-24T20:00:00,2026-06-24T18:00:00,SE1,128.98,EUR-MWh
1233684,2026-06-24T20:00:00,2026-06-24T18:00:00,SE2,131.13,EUR-MWh
1233716,2026-06-24T19:45:00,2026-06-24T17:45:00,SE1,113.97,EUR-MWh
1233083,2026-06-24T19:45:00,2026-06-24T17:45:00,SE4,366.91,EUR-MWh
1233660,2026-06-24T19:45:00,2026-06-24T17:45:00,SE2,115.68,EUR-MWh
1233689,2026-06-24T19:45:00,2026-06-24T17:45:00,SE3,246.97,EUR-MWh
1233938,2026-06-24T19:30:00,2026-06-24T17:30:00,SE2,115.64,EUR-MWh
1233637,2026-06-24T19:30:00,2026-06-24T17:30:00,SE1,113.98,EUR-MWh
1233164,2026-06-24T19:30:00,2026-06-24T17:30:00,SE3,194.95,EUR-MWh
1233702,2026-06-24T19:30:00,2026-06-24T17:30:00,SE4,266.74,EUR-MWh
1232606,2026-06-24T19:15:00,2026-06-24T17:15:00,SE3,180.09,EUR-MWh
1232904,2026-06-24T19:15:00,2026-06-24T17:15:00,SE4,238.11,EUR-MWh
1232850,2026-06-24T19:15:00,2026-06-24T17:15:00,SE2,115.63,EUR-MWh
1233163,2026-06-24T19:15:00,2026-06-24T17:15:00,SE1,113.97,EUR-MWh
1232663,2026-06-24T19:00:00,2026-06-24T17:00:00,SE1,113.79,EUR-MWh
1232886,2026-06-24T19:00:00,2026-06-24T17:00:00,SE4,190.08,EUR-MWh
1232887,2026-06-24T19:00:00,2026-06-24T17:00:00,SE3,155.05,EUR-MWh
1233388,2026-06-24T19:00:00,2026-06-24T17:00:00,SE2,115.42,EUR-MWh
1233499,2026-06-24T18:45:00,2026-06-24T16:45:00,SE4,210.24,EUR-MWh
1233048,2026-06-24T18:45:00,2026-06-24T16:45:00,SE3,183.94,EUR-MWh
1233380,2026-06-24T18:45:00,2026-06-24T16:45:00,SE1,149.95,EUR-MWh
1233926,2026-06-24T18:45:00,2026-06-24T16:45:00,SE2,152.52,EUR-MWh
1232523,2026-06-24T18:30:00,2026-06-24T16:30:00,SE3,150.2,EUR-MWh
1232847,2026-06-24T18:30:00,2026-06-24T16:30:00,SE4,152.62,EUR-MWh
1232547,2026-06-24T18:30:00,2026-06-24T16:30:00,SE1,142.56,EUR-MWh
1233485,2026-06-24T18:30:00,2026-06-24T16:30:00,SE2,144.9,EUR-MWh
1232917,2026-06-24T18:15:00,2026-06-24T16:15:00,SE1,105.88,EUR-MWh
1233040,2026-06-24T18:15:00,2026-06-24T16:15:00,SE2,107.31,EUR-MWh
1232590,2026-06-24T18:15:00,2026-06-24T16:15:00,SE4,134.15,EUR-MWh
1233231,2026-06-24T18:15:00,2026-06-24T16:15:00,SE3,122.06,EUR-MWh
1232467,2026-06-24T18:00:00,2026-06-24T16:00:00,SE1,110.25,EUR-MWh
1232425,2026-06-24T18:00:00,2026-06-24T16:00:00,SE3,115.28,EUR-MWh
1233835,2026-06-24T18:00:00,2026-06-24T16:00:00,SE2,111.79,EUR-MWh
1233257,2026-06-24T18:00:00,2026-06-24T16:00:00,SE4,116.87,EUR-MWh
1232999,2026-06-24T17:45:00,2026-06-24T15:45:00,SE1,114.55,EUR-MWh
1233936,2026-06-24T17:45:00,2026-06-24T15:45:00,SE4,121.16,EUR-MWh
1232651,2026-06-24T17:45:00,2026-06-24T15:45:00,SE2,116.1,EUR-MWh
1232699,2026-06-24T17:45:00,2026-06-24T15:45:00,SE3,119.65,EUR-MWh
1232487,2026-06-24T17:30:00,2026-06-24T15:30:00,SE2,109.19,EUR-MWh
1233743,2026-06-24T17:30:00,2026-06-24T15:30:00,SE1,107.8,EUR-MWh
1233088,2026-06-24T17:30:00,2026-06-24T15:30:00,SE4,113.72,EUR-MWh
1232830,2026-06-24T17:30:00,2026-06-24T15:30:00,SE3,112.37,EUR-MWh
1233058,2026-06-24T17:15:00,2026-06-24T15:15:00,SE3,107.21,EUR-MWh
1232705,2026-06-24T17:15:00,2026-06-24T15:15:00,SE2,104.32,EUR-MWh
1233586,2026-06-24T17:15:00,2026-06-24T15:15:00,SE1,103.05,EUR-MWh
1233325,2026-06-24T17:15:00,2026-06-24T15:15:00,SE4,108.45,EUR-MWh
1233524,2026-06-24T17:00:00,2026-06-24T15:00:00,SE2,88.64,EUR-MWh
1232726,2026-06-24T17:00:00,2026-06-24T15:00:00,SE4,98.14,EUR-MWh
1232875,2026-06-24T17:00:00,2026-06-24T15:00:00,SE1,87.52,EUR-MWh
1233883,2026-06-24T17:00:00,2026-06-24T15:00:00,SE3,95.31,EUR-MWh
1233147,2026-06-24T16:45:00,2026-06-24T14:45:00,SE4,104.89,EUR-MWh
1233903,2026-06-24T16:45:00,2026-06-24T14:45:00,SE1,99.84,EUR-MWh
1232450,2026-06-24T16:45:00,2026-06-24T14:45:00,SE2,101.2,EUR-MWh
1233389,2026-06-24T16:45:00,2026-06-24T14:45:00,SE3,103.78,EUR-MWh
1233813,2026-06-24T16:30:00,2026-06-24T14:30:00,SE4,97.6,EUR-MWh
1232974,2026-06-24T16:30:00,2026-06-24T14:30:00,SE2,94.42,EUR-MWh
1232749,2026-06-24T16:30:00,2026-06-24T14:30:00,SE1,93.25,EUR-MWh
1232495,2026-06-24T16:30:00,2026-06-24T14:30:00,SE3,96.64,EUR-MWh
1232739,2026-06-24T16:15:00,2026-06-24T14:15:00,SE2,90.81,EUR-MWh
1233179,2026-06-24T16:15:00,2026-06-24T14:15:00,SE3,92.85,EUR-MWh
1233244,2026-06-24T16:15:00,2026-06-24T14:15:00,SE1,89.74,EUR-MWh
1233131,2026-06-24T16:15:00,2026-06-24T14:15:00,SE4,93.73,EUR-MWh
1233192,2026-06-24T16:00:00,2026-06-24T14:00:00,SE4,88.84,EUR-MWh
1233876,2026-06-24T16:00:00,2026-06-24T14:00:00,SE1,85.33,EUR-MWh
1233698,2026-06-24T16:00:00,2026-06-24T14:00:00,SE2,86.27,EUR-MWh
1232600,2026-06-24T16:00:00,2026-06-24T14:00:00,SE3,88.07,EUR-MWh
1233681,2026-06-24T15:45:00,2026-06-24T13:45:00,SE2,87.83,EUR-MWh
1232511,2026-06-24T15:45:00,2026-06-24T13:45:00,SE1,86.66,EUR-MWh
1233500,2026-06-24T15:45:00,2026-06-24T13:45:00,SE4,90.45,EUR-MWh
1233650,2026-06-24T15:45:00,2026-06-24T13:45:00,SE3,89.72,EUR-MWh
1233173,2026-06-24T15:30:00,2026-06-24T13:30:00,SE2,75.19,EUR-MWh
1233230,2026-06-24T15:30:00,2026-06-24T13:30:00,SE1,74.2,EUR-MWh
1233676,2026-06-24T15:30:00,2026-06-24T13:30:00,SE4,77.47,EUR-MWh
1232958,2026-06-24T15:30:00,2026-06-24T13:30:00,SE3,76.82,EUR-MWh
1232618,2026-06-24T15:15:00,2026-06-24T13:15:00,SE1,74.82,EUR-MWh
1233550,2026-06-24T15:15:00,2026-06-24T13:15:00,SE3,76.65,EUR-MWh
1233775,2026-06-24T15:15:00,2026-06-24T13:15:00,SE4,77.09,EUR-MWh
1233788,2026-06-24T15:15:00,2026-06-24T13:15:00,SE2,75.53,EUR-MWh
1233545,2026-06-24T15:00:00,2026-06-24T13:00:00,SE4,59.35,EUR-MWh
1233780,2026-06-24T15:00:00,2026-06-24T13:00:00,SE3,59.2,EUR-MWh
1233771,2026-06-24T15:00:00,2026-06-24T13:00:00,SE1,58.56,EUR-MWh
1233202,2026-06-24T15:00:00,2026-06-24T13:00:00,SE2,58.81,EUR-MWh
1232533,2026-06-24T14:45:00,2026-06-24T12:45:00,SE2,75.6,EUR-MWh
1232430,2026-06-24T14:45:00,2026-06-24T12:45:00,SE4,77.16,EUR-MWh
1233641,2026-06-24T14:45:00,2026-06-24T12:45:00,SE3,76.72,EUR-MWh
1233286,2026-06-24T14:45:00,2026-06-24T12:45:00,SE1,74.9,EUR-MWh
1232572,2026-06-24T14:30:00,2026-06-24T12:30:00,SE1,66.87,EUR-MWh
1232518,2026-06-24T14:30:00,2026-06-24T12:30:00,SE3,68.04,EUR-MWh
1232734,2026-06-24T14:30:00,2026-06-24T12:30:00,SE2,67.32,EUR-MWh
1233489,2026-06-24T14:30:00,2026-06-24T12:30:00,SE4,68.33,EUR-MWh
1233458,2026-06-24T14:15:00,2026-06-24T12:15:00,SE3,65.08,EUR-MWh
1233715,2026-06-24T14:15:00,2026-06-24T12:15:00,SE4,65.32,EUR-MWh
1233461,2026-06-24T14:15:00,2026-06-24T12:15:00,SE2,64.48,EUR-MWh
1233065,2026-06-24T14:15:00,2026-06-24T12:15:00,SE1,64.11,EUR-MWh
1233712,2026-06-24T14:00:00,2026-06-24T12:00:00,SE2,60.26,EUR-MWh
1233004,2026-06-24T14:00:00,2026-06-24T12:00:00,SE4,60.84,EUR-MWh
1233386,2026-06-24T14:00:00,2026-06-24T12:00:00,SE1,59.99,EUR-MWh
1233644,2026-06-24T14:00:00,2026-06-24T12:00:00,SE3,60.68,EUR-MWh
1232633,2026-06-24T13:45:00,2026-06-24T11:45:00,SE3,63.45,EUR-MWh
1233791,2026-06-24T13:45:00,2026-06-24T11:45:00,SE1,62.66,EUR-MWh
1232536,2026-06-24T13:45:00,2026-06-24T11:45:00,SE2,62.96,EUR-MWh
1232790,2026-06-24T13:45:00,2026-06-24T11:45:00,SE4,63.64,EUR-MWh
1233662,2026-06-24T13:30:00,2026-06-24T11:30:00,SE4,65.15,EUR-MWh
1233091,2026-06-24T13:30:00,2026-06-24T11:30:00,SE2,64.43,EUR-MWh
1233206,2026-06-24T13:30:00,2026-06-24T11:30:00,SE3,64.95,EUR-MWh
1232543,2026-06-24T13:30:00,2026-06-24T11:30:00,SE1,64.11,EUR-MWh
1233141,2026-06-24T13:15:00,2026-06-24T11:15:00,SE2,65.55,EUR-MWh
1232568,2026-06-24T13:15:00,2026-06-24T11:15:00,SE1,65.21,EUR-MWh
1232593,2026-06-24T13:15:00,2026-06-24T11:15:00,SE4,66.31,EUR-MWh
1233704,2026-06-24T13:15:00,2026-06-24T11:15:00,SE3,66.1,EUR-MWh
1232501,2026-06-24T13:00:00,2026-06-24T11:00:00,SE2,68.41,EUR-MWh
1232528,2026-06-24T13:00:00,2026-06-24T11:00:00,SE1,68.0,EUR-MWh
1233299,2026-06-24T13:00:00,2026-06-24T11:00:00,SE3,69.09,EUR-MWh
1233356,2026-06-24T13:00:00,2026-06-24T11:00:00,SE4,69.35,EUR-MWh
1233555,2026-06-24T12:45:00,2026-06-24T10:45:00,SE3,61.0,EUR-MWh
1232453,2026-06-24T12:45:00,2026-06-24T10:45:00,SE1,60.45,EUR-MWh
1233172,2026-06-24T12:45:00,2026-06-24T10:45:00,SE4,61.13,EUR-MWh
1233429,2026-06-24T12:45:00,2026-06-24T10:45:00,SE2,60.66,EUR-MWh
1232928,2026-06-24T12:30:00,2026-06-24T10:30:00,SE1,65.34,EUR-MWh
1233397,2026-06-24T12:30:00,2026-06-24T10:30:00,SE3,66.21,EUR-MWh
1233240,2026-06-24T12:30:00,2026-06-24T10:30:00,SE4,66.41,EUR-MWh
1232519,2026-06-24T12:30:00,2026-06-24T10:30:00,SE2,65.66,EUR-MWh
1232948,2026-06-24T12:15:00,2026-06-24T10:15:00,SE3,69.58,EUR-MWh
1232896,2026-06-24T12:15:00,2026-06-24T10:15:00,SE1,68.59,EUR-MWh
1233502,2026-06-24T12:15:00,2026-06-24T10:15:00,SE4,69.82,EUR-MWh
1233345,2026-06-24T12:15:00,2026-06-24T10:15:00,SE2,68.96,EUR-MWh
1233108,2026-06-24T12:00:00,2026-06-24T10:00:00,SE1,77.52,EUR-MWh
1233099,2026-06-24T12:00:00,2026-06-24T10:00:00,SE3,79.34,EUR-MWh
1232863,2026-06-24T12:00:00,2026-06-24T10:00:00,SE4,79.78,EUR-MWh
1233830,2026-06-24T12:00:00,2026-06-24T10:00:00,SE2,78.19,EUR-MWh
1233235,2026-06-24T11:45:00,2026-06-24T09:45:00,SE4,66.3,EUR-MWh
1233692,2026-06-24T11:45:00,2026-06-24T09:45:00,SE1,65.24,EUR-MWh
1232908,2026-06-24T11:45:00,2026-06-24T09:45:00,SE3,66.09,EUR-MWh
1233683,2026-06-24T11:45:00,2026-06-24T09:45:00,SE2,65.56,EUR-MWh
1233734,2026-06-24T11:30:00,2026-06-24T09:30:00,SE1,71.93,EUR-MWh
1233675,2026-06-24T11:30:00,2026-06-24T09:30:00,SE2,72.45,EUR-MWh
1232788,2026-06-24T11:30:00,2026-06-24T09:30:00,SE4,73.64,EUR-MWh
1233920,2026-06-24T11:30:00,2026-06-24T09:30:00,SE3,73.31,EUR-MWh
1233452,2026-06-24T11:15:00,2026-06-24T09:15:00,SE1,79.84,EUR-MWh
1233851,2026-06-24T11:15:00,2026-06-24T09:15:00,SE2,80.62,EUR-MWh
1233651,2026-06-24T11:15:00,2026-06-24T09:15:00,SE3,81.91,EUR-MWh
1233242,2026-06-24T11:15:00,2026-06-24T09:15:00,SE4,82.4,EUR-MWh
1233739,2026-06-24T11:00:00,2026-06-24T09:00:00,SE4,88.83,EUR-MWh
1233027,2026-06-24T11:00:00,2026-06-24T09:00:00,SE2,86.75,EUR-MWh
1233104,2026-06-24T11:00:00,2026-06-24T09:00:00,SE3,88.26,EUR-MWh
1233746,2026-06-24T11:00:00,2026-06-24T09:00:00,SE1,85.84,EUR-MWh
1233412,2026-06-24T10:45:00,2026-06-24T08:45:00,SE2,75.13,EUR-MWh
1232978,2026-06-24T10:45:00,2026-06-24T08:45:00,SE1,74.55,EUR-MWh
1233175,2026-06-24T10:45:00,2026-06-24T08:45:00,SE3,76.09,EUR-MWh
1232603,2026-06-24T10:45:00,2026-06-24T08:45:00,SE4,76.46,EUR-MWh
1233486,2026-06-24T10:30:00,2026-06-24T08:30:00,SE4,89.94,EUR-MWh
1232787,2026-06-24T10:30:00,2026-06-24T08:30:00,SE1,86.78,EUR-MWh
1233492,2026-06-24T10:30:00,2026-06-24T08:30:00,SE2,87.73,EUR-MWh
1233622,2026-06-24T10:30:00,2026-06-24T08:30:00,SE3,89.33,EUR-MWh
1232503,2026-06-24T10:15:00,2026-06-24T08:15:00,SE1,93.97,EUR-MWh
1232954,2026-06-24T10:15:00,2026-06-24T08:15:00,SE3,97.02,EUR-MWh
1233385,2026-06-24T10:15:00,2026-06-24T08:15:00,SE4,97.75,EUR-MWh
1233145,2026-06-24T10:15:00,2026-06-24T08:15:00,SE2,95.11,EUR-MWh
1232761,2026-06-24T10:00:00,2026-06-24T08:00:00,SE3,104.34,EUR-MWh
1232967,2026-06-24T10:00:00,2026-06-24T08:00:00,SE4,105.16,EUR-MWh
1232505,2026-06-24T10:00:00,2026-06-24T08:00:00,SE2,102.18,EUR-MWh
1232869,2026-06-24T10:00:00,2026-06-24T08:00:00,SE1,100.9,EUR-MWh
1233243,2026-06-24T09:45:00,2026-06-24T07:45:00,SE1,91.36,EUR-MWh
1232574,2026-06-24T09:45:00,2026-06-24T07:45:00,SE3,94.22,EUR-MWh
1233421,2026-06-24T09:45:00,2026-06-24T07:45:00,SE4,94.93,EUR-MWh
1233036,2026-06-24T09:45:00,2026-06-24T07:45:00,SE2,92.41,EUR-MWh
1232707,2026-06-24T09:30:00,2026-06-24T07:30:00,SE3,101.0,EUR-MWh
1233778,2026-06-24T09:30:00,2026-06-24T07:30:00,SE1,97.77,EUR-MWh
1233268,2026-06-24T09:30:00,2026-06-24T07:30:00,SE2,98.95,EUR-MWh
1233736,2026-06-24T09:30:00,2026-06-24T07:30:00,SE4,101.8,EUR-MWh
1233655,2026-06-24T09:15:00,2026-06-24T07:15:00,SE4,107.77,EUR-MWh
1232713,2026-06-24T09:15:00,2026-06-24T07:15:00,SE2,104.56,EUR-MWh
1233046,2026-06-24T09:15:00,2026-06-24T07:15:00,SE1,103.22,EUR-MWh
1233236,2026-06-24T09:15:00,2026-06-24T07:15:00,SE3,106.87,EUR-MWh
1233191,2026-06-24T09:00:00,2026-06-24T07:00:00,SE2,110.67,EUR-MWh
1233166,2026-06-24T09:00:00,2026-06-24T07:00:00,SE3,113.27,EUR-MWh
1233224,2026-06-24T09:00:00,2026-06-24T07:00:00,SE4,114.28,EUR-MWh
1232989,2026-06-24T09:00:00,2026-06-24T07:00:00,SE1,109.16,EUR-MWh
1233466,2026-06-24T08:45:00,2026-06-24T06:45:00,SE2,102.15,EUR-MWh
1233904,2026-06-24T08:45:00,2026-06-24T06:45:00,SE1,100.93,EUR-MWh
1232437,2026-06-24T08:45:00,2026-06-24T06:45:00,SE3,104.37,EUR-MWh
1233314,2026-06-24T08:45:00,2026-06-24T06:45:00,SE4,105.25,EUR-MWh
1233272,2026-06-24T08:30:00,2026-06-24T06:30:00,SE3,111.72,EUR-MWh
1232725,2026-06-24T08:30:00,2026-06-24T06:30:00,SE4,112.76,EUR-MWh
1232698,2026-06-24T08:30:00,2026-06-24T06:30:00,SE1,107.67,EUR-MWh
1232835,2026-06-24T08:30:00,2026-06-24T06:30:00,SE2,109.11,EUR-MWh
1232451,2026-06-24T08:15:00,2026-06-24T06:15:00,SE1,115.84,EUR-MWh
1233595,2026-06-24T08:15:00,2026-06-24T06:15:00,SE3,120.54,EUR-MWh
1232666,2026-06-24T08:15:00,2026-06-24T06:15:00,SE2,117.51,EUR-MWh
1232752,2026-06-24T08:15:00,2026-06-24T06:15:00,SE4,121.74,EUR-MWh
1233767,2026-06-24T08:00:00,2026-06-24T06:00:00,SE2,147.22,EUR-MWh
1233799,2026-06-24T08:00:00,2026-06-24T06:00:00,SE3,151.78,EUR-MWh
1233724,2026-06-24T08:00:00,2026-06-24T06:00:00,SE1,144.71,EUR-MWh
1232708,2026-06-24T08:00:00,2026-06-24T06:00:00,SE4,153.59,EUR-MWh
1233638,2026-06-24T07:45:00,2026-06-24T05:45:00,SE3,114.17,EUR-MWh
1233600,2026-06-24T07:45:00,2026-06-24T05:45:00,SE4,115.3,EUR-MWh
1232630,2026-06-24T07:45:00,2026-06-24T05:45:00,SE1,109.67,EUR-MWh
1232509,2026-06-24T07:45:00,2026-06-24T05:45:00,SE2,111.27,EUR-MWh
1232442,2026-06-24T07:30:00,2026-06-24T05:30:00,SE3,127.94,EUR-MWh
1233474,2026-06-24T07:30:00,2026-06-24T05:30:00,SE2,124.43,EUR-MWh
1233657,2026-06-24T07:30:00,2026-06-24T05:30:00,SE1,122.5,EUR-MWh
1232829,2026-06-24T07:30:00,2026-06-24T05:30:00,SE4,129.32,EUR-MWh
1233261,2026-06-24T07:15:00,2026-06-24T05:15:00,SE2,138.03,EUR-MWh
1233284,2026-06-24T07:15:00,2026-06-24T05:15:00,SE4,143.91,EUR-MWh
1232950,2026-06-24T07:15:00,2026-06-24T05:15:00,SE3,142.25,EUR-MWh
1232595,2026-06-24T07:15:00,2026-06-24T05:15:00,SE1,135.71,EUR-MWh
1233870,2026-06-24T07:00:00,2026-06-24T05:00:00,SE3,151.29,EUR-MWh
1232577,2026-06-24T07:00:00,2026-06-24T05:00:00,SE2,146.63,EUR-MWh
1233654,2026-06-24T07:00:00,2026-06-24T05:00:00,SE4,153.12,EUR-MWh
1233362,2026-06-24T07:00:00,2026-06-24T05:00:00,SE1,144.07,EUR-MWh
1233292,2026-06-24T06:45:00,2026-06-24T04:45:00,SE2,109.78,EUR-MWh
1233750,2026-06-24T06:45:00,2026-06-24T04:45:00,SE4,113.87,EUR-MWh
1233728,2026-06-24T06:45:00,2026-06-24T04:45:00,SE1,108.14,EUR-MWh
1233183,2026-06-24T06:45:00,2026-06-24T04:45:00,SE3,112.76,EUR-MWh
1233563,2026-06-24T06:30:00,2026-06-24T04:30:00,SE4,112.98,EUR-MWh
1232803,2026-06-24T06:30:00,2026-06-24T04:30:00,SE3,111.89,EUR-MWh
1232498,2026-06-24T06:30:00,2026-06-24T04:30:00,SE2,108.93,EUR-MWh
1233677,2026-06-24T06:30:00,2026-06-24T04:30:00,SE1,107.32,EUR-MWh
1233033,2026-06-24T06:15:00,2026-06-24T04:15:00,SE2,106.09,EUR-MWh
1232785,2026-06-24T06:15:00,2026-06-24T04:15:00,SE4,110.22,EUR-MWh
1232833,2026-06-24T06:15:00,2026-06-24T04:15:00,SE1,104.43,EUR-MWh
1233201,2026-06-24T06:15:00,2026-06-24T04:15:00,SE3,109.1,EUR-MWh
1233106,2026-06-24T06:00:00,2026-06-24T04:00:00,SE2,103.83,EUR-MWh
1232867,2026-06-24T06:00:00,2026-06-24T04:00:00,SE1,102.18,EUR-MWh
1232877,2026-06-24T06:00:00,2026-06-24T04:00:00,SE4,107.96,EUR-MWh
1233334,2026-06-24T06:00:00,2026-06-24T04:00:00,SE3,106.85,EUR-MWh
1233572,2026-06-24T05:45:00,2026-06-24T03:45:00,SE3,104.63,EUR-MWh
1233082,2026-06-24T05:45:00,2026-06-24T03:45:00,SE1,100.13,EUR-MWh
1233569,2026-06-24T05:45:00,2026-06-24T03:45:00,SE2,101.76,EUR-MWh
1233653,2026-06-24T05:45:00,2026-06-24T03:45:00,SE4,105.72,EUR-MWh
1233803,2026-06-24T05:15:00,2026-06-24T03:15:00,SE2,80.02,EUR-MWh
1232475,2026-06-24T05:15:00,2026-06-24T03:15:00,SE1,78.24,EUR-MWh
1233937,2026-06-24T05:15:00,2026-06-24T03:15:00,SE3,83.22,EUR-MWh
1232607,2026-06-24T05:15:00,2026-06-24T03:15:00,SE4,84.47,EUR-MWh
1233360,2026-06-24T05:00:00,2026-06-24T03:00:00,SE1,63.34,EUR-MWh
1232878,2026-06-24T05:00:00,2026-06-24T03:00:00,SE4,70.02,EUR-MWh
1232642,2026-06-24T05:00:00,2026-06-24T03:00:00,SE3,68.66,EUR-MWh
1232781,2026-06-24T05:00:00,2026-06-24T03:00:00,SE2,65.21,EUR-MWh
1233469,2026-06-24T04:45:00,2026-06-24T02:45:00,SE3,71.57,EUR-MWh
1233933,2026-06-24T04:45:00,2026-06-24T02:45:00,SE4,72.93,EUR-MWh
1232458,2026-06-24T04:45:00,2026-06-24T02:45:00,SE1,65.92,EUR-MWh
1233713,2026-06-24T04:45:00,2026-06-24T02:45:00,SE2,68.04,EUR-MWh
1232784,2026-06-24T04:30:00,2026-06-24T02:30:00,SE3,67.32,EUR-MWh
1233730,2026-06-24T04:30:00,2026-06-24T02:30:00,SE2,63.72,EUR-MWh
1233076,2026-06-24T04:30:00,2026-06-24T02:30:00,SE4,68.72,EUR-MWh
1233256,2026-06-24T04:30:00,2026-06-24T02:30:00,SE1,61.57,EUR-MWh
1232952,2026-06-24T04:15:00,2026-06-24T02:15:00,SE1,54.82,EUR-MWh
1233530,2026-06-24T04:15:00,2026-06-24T02:15:00,SE4,62.17,EUR-MWh
1232686,2026-06-24T04:15:00,2026-06-24T02:15:00,SE3,60.72,EUR-MWh
1233410,2026-06-24T04:15:00,2026-06-24T02:15:00,SE2,57.02,EUR-MWh
1233285,2026-06-24T04:00:00,2026-06-24T02:00:00,SE1,51.77,EUR-MWh
1233269,2026-06-24T04:00:00,2026-06-24T02:00:00,SE4,59.24,EUR-MWh
1233047,2026-06-24T04:00:00,2026-06-24T02:00:00,SE3,57.77,EUR-MWh
1233682,2026-06-24T04:00:00,2026-06-24T02:00:00,SE2,54.0,EUR-MWh
1233184,2026-06-24T03:45:00,2026-06-24T01:45:00,SE1,58.12,EUR-MWh
1232973,2026-06-24T03:45:00,2026-06-24T01:45:00,SE2,60.24,EUR-MWh
1232552,2026-06-24T03:45:00,2026-06-24T01:45:00,SE3,63.71,EUR-MWh
1232629,2026-06-24T03:45:00,2026-06-24T01:45:00,SE4,65.09,EUR-MWh
1233770,2026-06-24T03:30:00,2026-06-24T01:30:00,SE3,63.95,EUR-MWh
1233396,2026-06-24T03:30:00,2026-06-24T01:30:00,SE4,71.45,EUR-MWh
1232814,2026-06-24T03:30:00,2026-06-24T01:30:00,SE1,51.66,EUR-MWh
1232856,2026-06-24T03:30:00,2026-06-24T01:30:00,SE2,53.46,EUR-MWh
1232585,2026-06-24T03:15:00,2026-06-24T01:15:00,SE3,79.99,EUR-MWh
1232943,2026-06-24T03:15:00,2026-06-24T01:15:00,SE4,104.62,EUR-MWh
1233652,2026-06-24T03:15:00,2026-06-24T01:15:00,SE2,50.0,EUR-MWh
1232855,2026-06-24T03:15:00,2026-06-24T01:15:00,SE1,49.2,EUR-MWh
1233860,2026-06-24T03:00:00,2026-06-24T01:00:00,SE2,46.1,EUR-MWh
1233328,2026-06-24T03:00:00,2026-06-24T01:00:00,SE3,90.15,EUR-MWh
1233418,2026-06-24T03:00:00,2026-06-24T01:00:00,SE4,127.12,EUR-MWh
1233219,2026-06-24T03:00:00,2026-06-24T01:00:00,SE1,46.0,EUR-MWh
1233656,2026-06-24T02:45:00,2026-06-24T00:45:00,SE4,86.6,EUR-MWh
1233552,2026-06-24T02:45:00,2026-06-24T00:45:00,SE2,62.46,EUR-MWh
1232621,2026-06-24T02:45:00,2026-06-24T00:45:00,SE1,60.89,EUR-MWh
1233679,2026-06-24T02:45:00,2026-06-24T00:45:00,SE3,76.19,EUR-MWh
1233303,2026-06-24T02:30:00,2026-06-24T00:30:00,SE3,94.87,EUR-MWh
1232941,2026-06-24T02:30:00,2026-06-24T00:30:00,SE2,60.0,EUR-MWh
1232492,2026-06-24T02:30:00,2026-06-24T00:30:00,SE1,59.52,EUR-MWh
1233343,2026-06-24T02:30:00,2026-06-24T00:30:00,SE4,123.8,EUR-MWh
1233752,2026-06-24T02:15:00,2026-06-24T00:15:00,SE4,126.83,EUR-MWh
1232881,2026-06-24T02:15:00,2026-06-24T00:15:00,SE2,54.91,EUR-MWh
1232656,2026-06-24T02:15:00,2026-06-24T00:15:00,SE1,54.59,EUR-MWh
1233227,2026-06-24T02:15:00,2026-06-24T00:15:00,SE3,94.13,EUR-MWh
1233822,2026-06-24T02:00:00,2026-06-24T00:00:00,SE2,51.56,EUR-MWh
1233539,2026-06-24T02:00:00,2026-06-24T00:00:00,SE3,94.02,EUR-MWh
1232890,2026-06-24T02:00:00,2026-06-24T00:00:00,SE4,129.52,EUR-MWh
1233185,2026-06-24T02:00:00,2026-06-24T00:00:00,SE1,51.34,EUR-MWh
1233054,2026-06-24T01:45:00,2026-06-23T23:45:00,SE2,57.39,EUR-MWh
1233111,2026-06-24T01:45:00,2026-06-23T23:45:00,SE4,130.91,EUR-MWh
1233132,2026-06-24T01:45:00,2026-06-23T23:45:00,SE3,97.42,EUR-MWh
1233288,2026-06-24T01:45:00,2026-06-23T23:45:00,SE1,56.99,EUR-MWh
1233560,2026-06-24T01:30:00,2026-06-23T23:30:00,SE1,51.78,EUR-MWh
1233398,2026-06-24T01:30:00,2026-06-23T23:30:00,SE4,134.13,EUR-MWh
1232575,2026-06-24T01:30:00,2026-06-23T23:30:00,SE2,52.01,EUR-MWh
1232478,2026-06-24T01:30:00,2026-06-23T23:30:00,SE3,96.64,EUR-MWh
1232923,2026-06-24T01:15:00,2026-06-23T23:15:00,SE1,48.14,EUR-MWh
1233510,2026-06-24T01:15:00,2026-06-23T23:15:00,SE3,96.11,EUR-MWh
1233071,2026-06-24T01:15:00,2026-06-23T23:15:00,SE2,48.18,EUR-MWh
1232545,2026-06-24T01:15:00,2026-06-23T23:15:00,SE4,136.53,EUR-MWh
1233794,2026-06-24T01:00:00,2026-06-23T23:00:00,SE4,138.06,EUR-MWh
1232910,2026-06-24T01:00:00,2026-06-23T23:00:00,SE2,44.99,EUR-MWh
1232717,2026-06-24T01:00:00,2026-06-23T23:00:00,SE3,95.43,EUR-MWh
1233194,2026-06-24T01:00:00,2026-06-23T23:00:00,SE1,45.08,EUR-MWh
1233593,2026-06-24T00:45:00,2026-06-23T22:45:00,SE2,45.0,EUR-MWh
1233717,2026-06-24T00:45:00,2026-06-23T22:45:00,SE1,45.11,EUR-MWh
1233805,2026-06-24T00:45:00,2026-06-23T22:45:00,SE3,95.9,EUR-MWh
1232898,2026-06-24T00:45:00,2026-06-23T22:45:00,SE4,140.02,EUR-MWh
1233022,2026-06-24T00:30:00,2026-06-23T22:30:00,SE1,48.14,EUR-MWh
1233291,2026-06-24T00:30:00,2026-06-23T22:30:00,SE2,48.09,EUR-MWh
1233855,2026-06-24T00:30:00,2026-06-23T22:30:00,SE4,140.0,EUR-MWh
1233658,2026-06-24T00:30:00,2026-06-23T22:30:00,SE3,97.34,EUR-MWh
1233773,2026-06-24T00:15:00,2026-06-23T22:15:00,SE3,102.18,EUR-MWh
1233024,2026-06-24T00:15:00,2026-06-23T22:15:00,SE2,54.58,EUR-MWh
1233491,2026-06-24T00:15:00,2026-06-23T22:15:00,SE1,54.44,EUR-MWh
1232643,2026-06-24T00:15:00,2026-06-23T22:15:00,SE4,143.25,EUR-MWh
1233278,2026-06-24T00:00:00,2026-06-23T22:00:00,SE4,139.56,EUR-MWh
1233340,2026-06-24T00:00:00,2026-06-23T22:00:00,SE3,100.46,EUR-MWh
1232905,2026-06-24T00:00:00,2026-06-23T22:00:00,SE2,55.15,EUR-MWh
1232534,2026-06-24T00:00:00,2026-06-23T22:00:00,SE1,55.03,EUR-MWh
